instance_id,ident
0,5-1278msg1.txt
1,5-1304msg1.txt
2,9-1172msg1.txt
3,spmsgc40.txt
4,8-977msg2.txt
5,spmsga62.txt
6,5-1496msg2.txt
7,5-1328msg1.txt
8,spmsga136.txt
9,5-1285msg3.txt
10,6-839msg1.txt
11,spmsgb142.txt
12,9-1670msg1.txt
13,spmsgc103.txt
14,6-10msg1.txt
15,5-1226msg3.txt
16,9-1276msg1.txt
17,5-1335msg1.txt
18,9-316msg1.txt
19,9-779msg1.txt
20,5-1282msg3.txt
21,8-1153msg3.txt
22,spmsgb121.txt
23,9-640msg1.txt
24,9-1427msg1.txt
25,6-773msg1.txt
26,9-1382msg1.txt
27,9-560msg1.txt
28,9-840msg1.txt
29,5-1455msg2.txt
30,9-1666msg1.txt
31,9-864msg2.txt
32,9-352msg2.txt
33,3-384msg1.txt
34,spmsgb36.txt
35,spmsgc50.txt
36,9-551msg1.txt
37,6-390msg3.txt
38,6-150msg2.txt
39,9-1326msg1.txt
40,6-197msg3.txt
41,3-429msg0.txt
42,9-652msg1.txt
43,spmsgb152.txt
44,6-1020msg1.txt
45,9-1077msg2.txt
46,6-453msg0.txt
47,spmsga32.txt
48,9-770msg1.txt
49,9-1085msg1.txt
50,5-1293msg3.txt
51,9-1121msg1.txt
52,5-1265msg1.txt
53,9-159msg1.txt
54,9-72msg1.txt
55,spmsga42.txt
56,5-1302msg1.txt
57,6-761msg1.txt
58,9-1558msg1.txt
59,5-1291msg2.txt
60,9-607msg1.txt
61,9-1781msg1.txt
62,6-255msg2.txt
63,5-1482msg1.txt
64,5-1503msg1.txt
65,5-1264msg4.txt
66,spmsgb15.txt
67,8-846msg1.txt
68,9-530msg1.txt
69,9-1809msg1.txt
70,9-15msg2.txt
71,9-1251msg2.txt
72,6-829msg2.txt
73,9-1417msg1.txt
74,5-1505msg1.txt
75,spmsgc112.txt
76,3-380msg4.txt
77,9-517msg1.txt
78,5-1462msg2.txt
79,5-1413msg5.txt
80,spmsgb154.txt
81,spmsgb45.txt
82,3-559msg6.txt
83,6-981msg1.txt
84,3-554msg2.txt
85,9-1584msg1.txt
86,9-1222msg1.txt
87,9-475msg2.txt
88,5-1286msg3.txt
89,6-14msg3.txt
90,6-1161msg1.txt
91,9-629msg1.txt
92,spmsgc71.txt
93,9-1607msg1.txt
94,6-972msg1.txt
95,spmsgb4.txt
96,spmsgb51.txt
97,9-1243msg1.txt
98,8-1190msg1.txt
99,6-182msg1.txt
100,9-1266msg1.txt
101,9-162msg1.txt
102,spmsgc39.txt
103,3-397msg1.txt
104,6-897msg3.txt
105,spmsgb29.txt
106,9-959msg1.txt
107,spmsgc7.txt
108,6-1127msg1.txt
109,9-1652msg1.txt
110,9-1798msg1.txt
111,spmsga75.txt
112,3-383msg0.txt
113,8-1092msg1.txt
114,9-575msg1.txt
115,6-1010msg1.txt
116,spmsga135.txt
117,spmsga16.txt
118,5-1298msg1.txt
119,8-1216msg1.txt
120,9-566msg1.txt
121,9-59msg1.txt
122,9-673msg1.txt
123,9-1443msg1.txt
124,9-325msg1.txt
125,spmsgc107.txt
126,spmsgb155.txt
127,6-762msg2.txt
128,9-314msg1.txt
129,spmsgb30.txt
130,9-442msg1.txt
131,6-1030msg1.txt
132,spmsgb62.txt
133,6-1049msg1.txt
134,6-916msg2.txt
135,spmsga99.txt
136,6-475msg2.txt
137,6-1128msg2.txt
138,9-583msg2.txt
139,9-966msg1.txt
140,9-354msg2.txt
141,9-103msg1.txt
142,9-1573msg1.txt
143,6-1125msg2.txt
144,3-421msg2.txt
145,5-1239msg2.txt
146,6-977msg1.txt
147,9-1165msg1.txt
148,6-73msg1.txt
149,9-969msg1.txt
150,8-816msg1.txt
151,6-281msg1.txt
152,spmsgb168.txt
153,6-474msg4.txt
154,spmsgb58.txt
155,6-42msg3.txt
156,9-289msg1.txt
157,9-6msg2.txt
158,6-11msg1.txt
159,spmsgc144.txt
160,9-195msg2.txt
161,3-442msg2.txt
162,6-916msg3.txt
163,3-414msg2.txt
164,8-815msg1.txt
165,9-542msg2.txt
166,9-1481msg1.txt
167,9-506msg1.txt
168,6-1105msg1.txt
169,8-1242msg1.txt
170,9-1098msg1.txt
171,6-421msg1.txt
172,9-524msg2.txt
173,spmsga45.txt
174,9-1184msg1.txt
175,5-1344msg1.txt
176,spmsga100.txt
177,8-814msg1.txt
178,spmsgc117.txt
179,9-1485msg1.txt
180,5-1291msg3.txt
181,6-353msg2.txt
182,6-921msg1.txt
183,6-983msg1.txt
184,6-987msg3.txt
185,8-878msg1.txt
186,9-1560msg1.txt
187,9-707msg1.txt
188,spmsgb132.txt
189,8-1214msg2.txt
190,9-857msg2.txt
191,3-425msg2.txt
192,9-461msg1.txt
193,6-393msg1.txt
194,spmsgc30.txt
195,9-969msg2.txt
196,spmsgb9.txt
197,9-523msg2.txt
198,3-424msg1.txt
199,9-74msg2.txt
200,6-1155msg1.txt
201,6-1137msg1.txt
202,6-162msg3.txt
203,9-248msg1.txt
204,9-243msg2.txt
205,3-378msg4.txt
206,9-88msg2.txt
207,8-1124msg0.txt
208,8-1121msg1.txt
209,9-190msg1.txt
210,spmsgb133.txt
211,9-1112msg1.txt
212,9-1480msg1.txt
213,9-1391msg2.txt
214,6-126msg1.txt
215,spmsgb60.txt
216,9-3msg2.txt
217,6-843msg1.txt
218,9-1354msg1.txt
219,6-1095msg2.txt
220,6-989msg1.txt
221,8-977msg1.txt
222,spmsgc43.txt
223,5-1510msg2.txt
224,spmsgc1.txt
225,5-1393msg1.txt
226,9-1783msg1.txt
227,spmsga71.txt
228,9-350msg1.txt
229,6-257msg1.txt
230,spmsga97.txt
231,9-919msg2.txt
232,9-1261msg1.txt
233,9-1062msg1.txt
234,6-1045msg1.txt
235,5-1393msg2.txt
236,6-897msg2.txt
237,6-987msg2.txt
238,spmsga85.txt
239,9-527msg1.txt
240,9-326msg2.txt
241,spmsgc55.txt
242,6-224msg1.txt
243,spmsga115.txt
244,6-280msg1.txt
245,6-31msg1.txt
246,spmsgb144.txt
247,spmsgc18.txt
248,9-237msg1.txt
249,spmsgb26.txt
250,6-823msg1.txt
251,8-1074msg2.txt
252,9-385msg1.txt
253,3-557msg1.txt
254,3-413msg3.txt
255,5-1385msg1.txt
256,9-987msg1.txt
257,9-184msg1.txt
258,9-61msg1.txt
259,spmsgc101.txt
260,3-559msg9.txt
261,3-414msg1.txt
262,6-1146msg1.txt
263,9-1141msg1.txt
264,6-203msg1.txt
265,6-426msg1.txt
266,spmsgb102.txt
267,6-400msg1.txt
268,9-532msg1.txt
269,spmsgc119.txt
270,5-1371msg2.txt
271,6-992msg1.txt
272,6-410msg1.txt
273,5-1454msg1.txt
274,6-938msg1.txt
275,5-1217msg2.txt
276,8-1097msg1.txt
277,spmsgc20.txt
278,9-1527msg1.txt
279,9-1122msg1.txt
280,6-773msg3.txt
281,6-1126msg1.txt
282,9-1441msg1.txt
283,9-878msg1.txt
284,6-408msg1.txt
285,6-893msg1.txt
286,9-627msg1.txt
287,5-1359msg1.txt
288,3-565msg3.txt
289,8-1043msg2.txt
290,6-271msg1.txt
291,6-825msg3.txt
292,8-1074msg1.txt
293,9-1072msg1.txt
294,6-205msg1.txt
295,9-352msg1.txt
296,9-1244msg1.txt
297,9-1097msg1.txt
298,3-389msg1.txt
299,6-432msg2.txt
300,9-66msg1.txt
301,9-802msg1.txt
302,9-1389msg1.txt
303,spmsgc46.txt
304,9-83msg1.txt
305,6-1096msg1.txt
306,9-311msg1.txt
307,spmsgc16.txt
308,9-1440msg1.txt
309,8-922msg1.txt
310,9-944msg1.txt
311,6-82msg1.txt
312,6-806msg2.txt
313,6-955msg1.txt
314,5-1300msg1.txt
315,5-1371msg1.txt
316,9-903msg1.txt
317,spmsgc122.txt
318,spmsgb98.txt
319,9-1113msg1.txt
320,3-559msg1.txt
321,6-210msg1.txt
322,6-897msg1.txt
323,9-523msg1.txt
324,9-862msg1.txt
325,6-844msg2.txt
326,9-678msg2.txt
327,9-976msg1.txt
328,8-1134msg1.txt
329,6-430msg5.txt
330,9-828msg1.txt
331,6-245msg1.txt
332,9-832msg2.txt
333,spmsga103.txt
334,9-259msg2.txt
335,9-185msg1.txt
336,6-1062msg1.txt
337,spmsgc116.txt
338,spmsgc15.txt
339,9-404msg1.txt
340,9-1314msg1.txt
341,8-965msg2.txt
342,9-792msg2.txt
343,8-828msg1.txt
344,8-907msg1.txt
345,6-949msg1.txt
346,6-225msg1.txt
347,9-270msg1.txt
348,6-1035msg1.txt
349,9-390msg1.txt
350,6-289msg1.txt
351,9-1140msg1.txt
352,5-1264msg1.txt
353,8-836msg1.txt
354,9-590msg2.txt
355,spmsga35.txt
356,8-1221msg1.txt
357,9-847msg1.txt
358,spmsgb138.txt
359,6-468msg1.txt
360,9-1597msg1.txt
361,6-187msg1.txt
362,6-42msg2.txt
363,9-531msg1.txt
364,6-806msg3.txt
365,9-1304msg1.txt
366,spmsga118.txt
367,6-862msg1.txt
368,9-771msg2.txt
369,3-380msg2.txt
370,6-1003msg1.txt
371,9-1336msg2.txt
372,9-608msg1.txt
373,spmsga158.txt
374,spmsga50.txt
375,9-4msg1.txt
376,3-437msg4.txt
377,9-1781msg2.txt
378,3-405msg1.txt
379,9-660msg1.txt
380,6-360msg1.txt
381,spmsga41.txt
382,6-203msg3.txt
383,9-1274msg1.txt
384,6-333msg3.txt
385,6-1087msg1.txt
386,9-1714msg2.txt
387,9-36msg2.txt
388,9-627msg2.txt
389,6-1081msg1.txt
390,5-1439msg1.txt
391,5-1479msg1.txt
392,9-1542msg2.txt
393,6-1142msg1.txt
394,9-1545msg2.txt
395,9-498msg1.txt
396,9-715msg1.txt
397,9-1254msg1.txt
398,6-1157msg2.txt
399,9-528msg1.txt
400,9-893msg2.txt
401,9-56msg2.txt
402,9-463msg2.txt
403,9-417msg1.txt
404,9-1689msg2.txt
405,6-186msg1.txt
406,6-957msg4.txt
407,9-877msg2.txt
408,5-1331msg1.txt
409,6-241msg2.txt
410,9-1240msg1.txt
411,9-751msg1.txt
412,9-303msg2.txt
413,5-1444msg1.txt
414,8-1150msg1.txt
415,5-1226msg1.txt
416,5-1227msg1.txt
417,6-113msg3.txt
418,6-997msg1.txt
419,6-160msg1.txt
420,9-317msg1.txt
421,9-1711msg2.txt
422,3-554msg1.txt
423,9-513msg1.txt
424,spmsga123.txt
425,6-392msg1.txt
426,6-1041msg1.txt
427,9-595msg1.txt
428,6-772msg2.txt
429,5-1215msg1.txt
430,3-411msg1.txt
431,9-1288msg1.txt
432,spmsgc118.txt
433,6-816msg1.txt
434,6-781msg1.txt
435,9-1199msg1.txt
436,6-357msg1.txt
437,5-1219msg3.txt
438,9-516msg1.txt
439,6-420msg1.txt
440,3-1msg1.txt
441,9-1617msg1.txt
442,8-1182msg1.txt
443,6-896msg2.txt
444,6-1125msg1.txt
445,8-1206msg1.txt
446,5-1236msg1.txt
447,spmsga77.txt
448,6-430msg3.txt
449,9-1115msg1.txt
450,6-416msg1.txt
451,9-420msg1.txt
452,8-872msg1.txt
453,8-1149msg0.txt
454,9-1086msg1.txt
455,8-1122msg1.txt
456,spmsgc65.txt
457,9-1373msg1.txt
458,spmsga166.txt
459,8-1001msg1.txt
460,5-1413msg2.txt
461,spmsgb31.txt
462,9-1603msg1.txt
463,8-1214msg1.txt
464,9-1516msg1.txt
465,9-1767msg1.txt
466,6-166msg3.txt
467,spmsgc90.txt
468,6-163msg3.txt
469,8-905msg1.txt
470,8-863msg3.txt
471,spmsga133.txt
472,6-1114msg1.txt
473,9-1808msg1.txt
474,9-168msg1.txt
475,6-109msg1.txt
476,9-1400msg2.txt
477,8-835msg1.txt
478,8-809msg1.txt
479,spmsgc140.txt
480,3-553msg0.txt
481,6-432msg3.txt
482,9-1678msg2.txt
483,9-1467msg2.txt
484,9-973msg1.txt
485,spmsgb69.txt
486,spmsgb113.txt
487,9-646msg1.txt
488,6-76msg1.txt
489,9-745msg1.txt
490,9-28msg2.txt
491,6-1115msg1.txt
492,spmsga94.txt
493,5-1264msg5.txt
494,9-792msg1.txt
495,6-294msg1.txt
496,9-607msg2.txt
497,spmsgc36.txt
498,5-1339msg1.txt
499,spmsga112.txt
500,9-589msg1.txt
501,spmsgb78.txt
502,5-1337msg1.txt
503,3-550msg1.txt
504,9-196msg1.txt
505,6-169msg1.txt
506,5-1254msg1.txt
507,spmsga28.txt
508,5-1430msg2.txt
509,3-418msg2.txt
510,spmsga124.txt
511,6-1044msg1.txt
512,5-1257msg2.txt
513,spmsga108.txt
514,9-1392msg1.txt
515,spmsgb11.txt
516,3-418msg1.txt
517,3-559msg4.txt
518,9-1588msg1.txt
519,spmsgc93.txt
520,9-1246msg1.txt
521,9-709msg1.txt
522,9-477msg1.txt
523,3-550msg3.txt
524,spmsga111.txt
525,6-1077msg1.txt
526,6-413msg1.txt
527,8-865msg3.txt
528,spmsga147.txt
529,6-849msg1.txt
530,8-837msg2.txt
531,spmsga78.txt
532,9-106msg1.txt
533,9-1208msg2.txt
534,spmsga88.txt
535,5-1225msg2.txt
536,spmsgc54.txt
537,6-990msg1.txt
538,spmsgc95.txt
539,8-1151msg1.txt
540,9-1764msg1.txt
541,6-474msg3.txt
542,6-843msg2.txt
543,spmsgc96.txt
544,spmsgb163.txt
545,9-126msg2.txt
546,9-176msg1.txt
547,6-10msg2.txt
548,9-1317msg1.txt
549,6-1073msg1.txt
550,9-1021msg1.txt
551,spmsgc108.txt
552,3-398msg1.txt
553,5-1325msg1.txt
554,8-1017msg1.txt
555,9-1590msg2.txt
556,spmsga154.txt
557,9-1796msg2.txt
558,spmsgc23.txt
559,3-421msg1.txt
560,spmsgc32.txt
561,8-1154msg1.txt
562,spmsga72.txt
563,spmsgc86.txt
564,9-972msg1.txt
565,6-291msg1.txt
566,9-353msg1.txt
567,9-1070msg1.txt
568,9-1301msg1.txt
569,5-1271msg1.txt
570,9-147msg1.txt
571,6-957msg1.txt
572,5-1382msg0.txt
573,9-857msg1.txt
574,9-1252msg1.txt
575,9-526msg1.txt
576,spmsgc53.txt
577,6-199msg5.txt
578,9-628msg1.txt
579,9-442msg2.txt
580,6-327msg2.txt
581,9-606msg1.txt
582,spmsgb158.txt
583,8-828msg3.txt
584,6-476msg1.txt
585,9-942msg1.txt
586,8-1158msg1.txt
587,9-1725msg1.txt
588,8-1168msg1.txt
589,3-410msg1.txt
590,9-1258msg1.txt
591,spmsgb68.txt
592,6-1155msg3.txt
593,9-182msg1.txt
594,9-330msg2.txt
595,9-1172msg2.txt
596,5-1454msg2.txt
597,6-327msg1.txt
598,9-1017msg1.txt
599,6-1088msg1.txt
600,9-1033msg1.txt
601,8-824msg1.txt
602,6-963msg1.txt
603,8-984msg1.txt
604,9-1773msg1.txt
605,5-1510msg3.txt
606,spmsgc73.txt
607,9-1484msg2.txt
608,5-1285msg1.txt
609,8-1086msg1.txt
610,3-378msg2.txt
611,9-586msg1.txt
612,5-1315msg2.txt
613,6-205msg2.txt
614,9-56msg1.txt
615,6-1109msg1.txt
616,9-416msg1.txt
617,8-1053msg1.txt
618,6-1082msg1.txt
619,8-1232msg2.txt
620,6-806msg1.txt
621,spmsgc49.txt
622,6-953msg1.txt
623,3-379msg1.txt
624,6-1063msg1.txt
625,spmsga68.txt
626,6-454msg1.txt
627,9-269msg1.txt
628,spmsgc4.txt
629,9-1563msg2.txt
630,6-828msg3.txt
631,6-473msg1.txt
632,5-1488msg3.txt
633,6-839msg2.txt
634,5-1445msg1.txt
635,8-1113msg1.txt
636,9-892msg2.txt
637,9-42msg2.txt
638,spmsgb114.txt
639,9-422msg2.txt
640,6-858msg1.txt
641,spmsgb88.txt
642,spmsgb153.txt
643,9-414msg1.txt
644,6-176msg1.txt
645,8-1125msg3.txt
646,8-900msg1.txt
647,6-4msg2.txt
648,9-1677msg1.txt
649,spmsgb77.txt
650,6-186msg2.txt
651,5-1255msg1.txt
652,6-1037msg1.txt
653,6-14msg2.txt
654,8-965msg1.txt
655,9-1367msg1.txt
656,9-1768msg1.txt
657,9-1264msg1.txt
658,6-217msg1.txt
659,9-1699msg2.txt
660,8-972msg2.txt
661,spmsga145.txt
662,9-563msg1.txt
663,5-1347msg1.txt
664,6-802msg2.txt
665,8-1005msg2.txt
666,9-1244msg2.txt
667,9-237msg2.txt
668,6-778msg2.txt
669,spmsgc38.txt
670,5-1420msg3.txt
671,9-1691msg2.txt
672,5-1402msg3.txt
673,spmsgc110.txt
674,6-195msg1.txt
675,6-801msg2.txt
676,spmsgb41.txt
677,9-503msg2.txt
678,3-421msg4.txt
679,6-222msg1.txt
680,8-840msg1.txt
681,9-1238msg1.txt
682,spmsgb20.txt
683,3-380msg1.txt
684,6-1128msg1.txt
685,9-734msg1.txt
686,5-1218msg5.txt
687,9-1646msg2.txt
688,9-884msg2.txt
689,6-406msg1.txt
690,spmsgc124.txt
691,9-514msg1.txt
692,spmsgb55.txt
693,spmsgc12.txt
694,spmsgb65.txt
695,6-411msg1.txt
696,5-1298msg2.txt
697,6-964msg1.txt
698,3-404msg1.txt
699,6-122msg1.txt
700,spmsga34.txt
701,6-802msg1.txt
702,3-413msg2.txt
703,spmsga55.txt
704,spmsgc127.txt
705,9-211msg1.txt
706,spmsgb32.txt
707,8-1204msg1.txt
708,spmsga26.txt
709,5-1488msg2.txt
710,5-1293msg1.txt
711,6-203msg2.txt
712,9-28msg1.txt
713,9-1744msg1.txt
714,5-1491msg1.txt
715,9-816msg1.txt
716,9-1546msg2.txt
717,5-1211msg1.txt
718,9-1519msg2.txt
719,6-4msg3.txt
720,9-1448msg1.txt
721,spmsgc133.txt
722,spmsga14.txt
723,spmsgc10.txt
724,6-877msg1.txt
725,9-1307msg1.txt
726,6-798msg2.txt
727,6-859msg1.txt
728,9-110msg1.txt
729,6-976msg1.txt
730,6-878msg1.txt
731,6-1136msg1.txt
732,5-1370msg1.txt
733,9-1296msg1.txt
734,9-173msg1.txt
735,6-150msg3.txt
736,9-638msg1.txt
737,6-1138msg2.txt
738,5-1332msg1.txt
739,9-466msg1.txt
740,6-329msg1.txt
741,9-886msg1.txt
742,8-898msg1.txt
743,3-422msg1.txt
744,spmsgb128.txt
745,5-1218msg4.txt
746,spmsga139.txt
747,5-1245msg2.txt
748,5-1218msg3.txt
749,6-1037msg3.txt
750,spmsga148.txt
751,spmsgc35.txt
752,9-956msg1.txt
753,9-35msg1.txt
754,6-309msg1.txt
755,9-1680msg2.txt
756,5-1293msg2.txt
757,8-838msg1.txt
758,6-20msg1.txt
759,spmsgb123.txt
760,9-1648msg2.txt
761,spmsgb13.txt
762,9-619msg1.txt
763,9-887msg1.txt
764,6-396msg1.txt
765,6-476msg3.txt
766,5-1419msg1.txt
767,spmsga33.txt
768,5-1315msg1.txt
769,6-141msg1.txt
770,9-1370msg1.txt
771,6-1036msg3.txt
772,5-1508msg1.txt
773,5-1362msg1.txt
774,9-297msg2.txt
775,9-1403msg1.txt
776,8-810msg1.txt
777,spmsgb25.txt
778,6-1031msg1.txt
779,8-817msg2.txt
780,6-273msg3.txt
781,5-1356msg1.txt
782,5-1327msg1.txt
783,9-1045msg1.txt
784,9-1617msg2.txt
785,spmsgb64.txt
786,spmsga156.txt
787,9-671msg1.txt
788,6-921msg3.txt
789,8-1225msg2.txt
790,9-369msg1.txt
791,8-1171msg3.txt
792,6-255msg5.txt
793,6-916msg1.txt
794,spmsgc146.txt
795,5-1264msg2.txt
796,spmsgc131.txt
797,5-1375msg1.txt
798,spmsgb125.txt
799,9-1677msg2.txt
800,6-72msg1.txt
801,5-1426msg3.txt
802,9-1220msg1.txt
803,9-1009msg1.txt
804,spmsga146.txt
805,8-1243msg1.txt
806,9-947msg1.txt
807,spmsga40.txt
808,9-427msg1.txt
809,9-472msg1.txt
810,9-538msg1.txt
811,6-1065msg1.txt
812,9-894msg1.txt
813,8-963msg2.txt
814,9-1218msg1.txt
815,8-885msg1.txt
816,9-1414msg1.txt
817,spmsgc48.txt
818,9-1297msg1.txt
819,9-496msg1.txt
820,6-1050msg1.txt
821,5-1268msg3.txt
822,9-474msg1.txt
823,9-1087msg1.txt
824,9-1263msg1.txt
825,spmsga27.txt
826,spmsgb136.txt
827,9-892msg1.txt
828,6-396msg2.txt
829,5-1378msg1.txt
830,6-802msg0.txt
831,spmsgc138.txt
832,9-616msg1.txt
833,6-890msg1.txt
834,9-406msg1.txt
835,3-415msg1.txt
836,3-413msg1.txt
837,spmsgb75.txt
838,9-697msg2.txt
839,9-57msg2.txt
840,6-917msg1.txt
841,6-80msg2.txt
842,5-1496msg1.txt
843,5-1227msg3.txt
844,8-1139msg1.txt
845,9-1039msg1.txt
846,6-304msg1.txt
847,6-1099msg1.txt
848,9-243msg1.txt
849,spmsgb134.txt
850,5-1273msg2.txt
851,9-1091msg1.txt
852,5-1275msg1.txt
853,9-1410msg2.txt
854,5-1273msg3.txt
855,8-895msg1.txt
856,spmsga107.txt
857,3-559msg7.txt
858,spmsgb21.txt
859,5-1296msg2.txt
860,9-210msg2.txt
861,spmsgb49.txt
862,9-222msg2.txt
863,6-830msg1.txt
864,spmsgb126.txt
865,5-1315msg5.txt
866,9-1732msg1.txt
867,6-992msg4.txt
868,9-1773msg2.txt
869,spmsgc79.txt
870,6-755msg3.txt
871,spmsgb139.txt
872,6-57msg1.txt
873,6-1101msg1.txt
874,6-381msg2.txt
875,6-1157msg3.txt
876,6-1112msg1.txt
877,6-1145msg1.txt
878,spmsgc57.txt
879,9-1143msg1.txt
880,spmsga83.txt
881,9-699msg1.txt
882,5-1472msg1.txt
883,5-1300msg2.txt
884,9-1163msg1.txt
885,9-1002msg1.txt
886,9-597msg2.txt
887,9-250msg1.txt
888,9-1671msg1.txt
889,spmsga106.txt
890,9-1030msg1.txt
891,9-1730msg1.txt
892,9-742msg1.txt
893,9-319msg2.txt
894,9-216msg2.txt
895,8-1173msg1.txt
896,9-133msg2.txt
897,9-142msg1.txt
898,9-94msg1.txt
899,spmsgc145.txt
900,spmsgc75.txt
901,9-542msg1.txt
902,5-1464msg1.txt
903,6-1139msg1.txt
904,9-26msg1.txt
905,9-187msg1.txt
906,3-401msg1.txt
907,6-855msg1.txt
908,spmsga86.txt
909,6-21msg2.txt
910,9-1530msg2.txt
911,9-1315msg1.txt
912,9-893msg1.txt
913,9-3msg1.txt
914,9-1376msg1.txt
915,9-1536msg2.txt
916,5-1426msg2.txt
917,9-1msg1.txt
918,9-835msg1.txt
919,8-963msg1.txt
920,9-817msg1.txt
921,6-251msg1.txt
922,9-451msg1.txt
923,9-958msg1.txt
924,9-1161msg1.txt
925,6-772msg1.txt
926,5-1432msg1.txt
927,9-377msg1.txt
928,5-1459msg1.txt
929,spmsgb24.txt
930,9-1416msg1.txt
931,9-1017msg2.txt
932,9-1623msg1.txt
933,9-1427msg2.txt
934,5-1243msg3.txt
935,6-190msg0.txt
936,6-790msg1.txt
937,spmsgb159.txt
938,6-941msg1.txt
939,6-64msg1.txt
940,9-1748msg1.txt
941,6-373msg2.txt
942,9-723msg1.txt
943,6-809msg3.txt
944,6-325msg3.txt
945,spmsgc78.txt
946,6-1148msg1.txt
947,8-861msg1.txt
948,spmsgb166.txt
949,9-637msg1.txt
950,9-246msg1.txt
951,3-562msg1.txt
952,9-1341msg1.txt
953,9-133msg1.txt
954,8-916msg1.txt
955,5-1413msg3.txt
956,8-1096msg1.txt
957,8-912msg1.txt
958,6-471msg1.txt
959,6-1146msg3.txt
960,6-801msg3.txt
961,3-416msg1.txt
962,9-351msg1.txt
963,6-270msg1.txt
964,8-1020msg1.txt
965,9-336msg1.txt
966,9-1372msg2.txt
967,spmsgb164.txt
968,spmsgc129.txt
969,9-1231msg1.txt
970,5-1440msg1.txt
971,5-1353msg1.txt
972,6-222msg2.txt
973,9-1684msg1.txt
974,9-1796msg1.txt
975,3-392msg0.txt
976,9-33msg1.txt
977,9-590msg1.txt
978,6-325msg1.txt
979,5-1430msg1.txt
980,9-419msg1.txt
981,spmsga48.txt
982,9-1715msg1.txt
983,6-163msg1.txt
984,9-1324msg1.txt
985,spmsga114.txt
986,9-1813msg1.txt
987,6-1085msg1.txt
988,9-1747msg1.txt
989,6-120msg1.txt
990,spmsga38.txt
991,spmsgc2.txt
992,9-858msg1.txt
993,5-1277msg1.txt
994,3-419msg1.txt
995,9-1391msg1.txt
996,spmsga129.txt
997,spmsga2.txt
998,9-1292msg1.txt
999,spmsgb76.txt
1000,6-1022msg1.txt
1001,9-320msg1.txt
1002,6-223msg1.txt
1003,9-717msg1.txt
1004,spmsgc33.txt
1005,spmsga128.txt
1006,6-778msg3.txt
1007,9-1082msg2.txt
1008,3-378msg1.txt
1009,spmsgb135.txt
1010,9-1467msg1.txt
1011,6-60msg1.txt
1012,6-390msg1.txt
1013,9-986msg1.txt
1014,6-809msg1.txt
1015,6-432msg1.txt
1016,5-1225msg1.txt
1017,6-762msg3.txt
1018,6-327msg3.txt
1019,6-846msg1.txt
1020,6-290msg1.txt
1021,3-563msg1.txt
1022,9-1606msg1.txt
1023,3-395msg2.txt
1024,6-781msg4.txt
1025,9-1615msg1.txt
1026,8-890msg1.txt
1027,spmsgc42.txt
1028,8-1159msg1.txt
1029,9-1566msg1.txt
1030,6-241msg1.txt
1031,9-1232msg1.txt
1032,spmsgb115.txt
1033,6-1151msg1.txt
1034,9-1040msg1.txt
1035,spmsgc74.txt
1036,9-330msg1.txt
1037,9-208msg1.txt
1038,3-557msg3.txt
1039,spmsga132.txt
1040,6-124msg1.txt
1041,9-1429msg1.txt
1042,6-381msg1.txt
1043,spmsgc130.txt
1044,9-587msg1.txt
1045,9-613msg1.txt
1046,5-1376msg1.txt
1047,5-1508msg2.txt
1048,6-74msg1.txt
1049,spmsgb74.txt
1050,spmsgb87.txt
1051,8-1239msg1.txt
1052,9-6msg1.txt
1053,spmsgb85.txt
1054,6-53msg1.txt
1055,9-1177msg1.txt
1056,spmsgb48.txt
1057,9-660msg2.txt
1058,6-991msg1.txt
1059,9-1134msg1.txt
1060,6-243msg1.txt
1061,5-1383msg1.txt
1062,spmsgb130.txt
1063,6-456msg1.txt
1064,9-86msg1.txt
1065,9-1037msg1.txt
1066,6-14msg1.txt
1067,6-272msg1.txt
1068,6-353msg1.txt
1069,6-1102msg1.txt
1070,spmsgc109.txt
1071,9-15msg1.txt
1072,spmsgb95.txt
1073,5-1506msg1.txt
1074,9-306msg2.txt
1075,3-559msg3.txt
1076,9-940msg1.txt
1077,9-44msg1.txt
1078,spmsgb124.txt
1079,6-459msg1.txt
1080,9-148msg1.txt
1081,8-922msg3.txt
1082,5-1219msg1.txt
1083,5-1297msg1.txt
1084,spmsgb82.txt
1085,6-413msg3.txt
1086,9-278msg1.txt
1087,spmsgc89.txt
1088,3-559msg8.txt
1089,9-617msg1.txt
1090,9-512msg2.txt
1091,9-1542msg1.txt
1092,9-835msg2.txt
1093,6-429msg1.txt
1094,6-151msg4.txt
1095,6-875msg3.txt
1096,8-863msg1.txt
1097,9-1745msg2.txt
1098,9-118msg1.txt
1099,spmsgb18.txt
1100,6-468msg3.txt
1101,9-1158msg1.txt
1102,6-359msg3.txt
1103,spmsgc125.txt
1104,3-553msg1.txt
1105,6-1050msg3.txt
1106,spmsgc24.txt
1107,6-965msg1.txt
1108,spmsgc76.txt
1109,spmsga153.txt
1110,3-402msg2.txt
1111,9-184msg2.txt
1112,9-884msg1.txt
1113,9-1066msg1.txt
1114,9-678msg1.txt
1115,9-1290msg1.txt
1116,6-89msg1.txt
1117,9-1745msg1.txt
1118,8-905msg2.txt
1119,spmsgb118.txt
1120,6-771msg1.txt
1121,9-1593msg2.txt
1122,spmsgc45.txt
1123,9-941msg1.txt
1124,spmsga46.txt
1125,9-974msg1.txt
1126,6-113msg1.txt
1127,9-172msg1.txt
1128,9-1600msg1.txt
1129,spmsga60.txt
1130,6-838msg1.txt
1131,6-221msg1.txt
1132,6-839msg3.txt
1133,6-1095msg1.txt
1134,5-1222msg1.txt
1135,9-693msg1.txt
1136,spmsga80.txt
1137,spmsgb103.txt
1138,spmsgb57.txt
1139,8-1051msg1.txt
1140,spmsgb66.txt
1141,8-874msg1.txt
1142,9-5msg2.txt
1143,9-138msg1.txt
1144,6-167msg3.txt
1145,9-71msg1.txt
1146,8-1123msg1.txt
1147,6-385msg1.txt
1148,9-1089msg1.txt
1149,5-1426msg1.txt
1150,spmsgb147.txt
1151,8-930msg1.txt
1152,9-437msg1.txt
1153,spmsgb91.txt
1154,9-1239msg1.txt
1155,3-390msg5.txt
1156,9-519msg1.txt
1157,3-1msg2.txt
1158,9-670msg1.txt
1159,9-738msg1.txt
1160,6-252msg1.txt
1161,9-53msg2.txt
1162,6-922msg2.txt
1163,8-1225msg4.txt
1164,8-879msg1.txt
1165,9-934msg1.txt
1166,6-1002msg1.txt
1167,5-1251msg1.txt
1168,6-1030msg3.txt
1169,6-1008msg1.txt
1170,9-376msg1.txt
1171,9-864msg1.txt
1172,5-1279msg3.txt
1173,9-712msg1.txt
1174,6-813msg3.txt
1175,6-959msg1.txt
1176,8-838msg2.txt
1177,8-1066msg1.txt
1178,5-1227msg2.txt
1179,9-901msg1.txt
1180,8-1030msg1.txt
1181,5-1455msg3.txt
1182,spmsgc34.txt
1183,5-1307msg1.txt
1184,8-1212msg1.txt
1185,5-1353msg2.txt
1186,6-1130msg1.txt
1187,6-96msg1.txt
1188,spmsgc115.txt
1189,8-828msg2.txt
1190,spmsgb106.txt
1191,6-297msg2.txt
1192,6-1156msg1.txt
1193,9-1785msg1.txt
1194,9-1763msg1.txt
1195,8-876msg2.txt
1196,8-859msg1.txt
1197,9-1390msg1.txt
1198,6-199msg3.txt
1199,9-939msg1.txt
1200,5-1266msg2.txt
1201,9-1329msg1.txt
1202,9-708msg1.txt
1203,spmsgc47.txt
1204,9-1444msg1.txt
1205,9-478msg1.txt
1206,9-537msg1.txt
1207,9-94msg2.txt
1208,6-15msg3.txt
1209,6-255msg3.txt
1210,9-1699msg1.txt
1211,6-275msg1.txt
1212,3-384msg2.txt
1213,6-232msg2.txt
1214,6-1101msg2.txt
1215,9-1702msg1.txt
1216,5-1300msg3.txt
1217,9-1410msg1.txt
1218,6-1109msg2.txt
1219,spmsgb107.txt
1220,9-86msg2.txt
1221,spmsgb84.txt
1222,9-1362msg1.txt
1223,9-1195msg1.txt
1224,3-384msg3.txt
1225,spmsga23.txt
1226,9-793msg1.txt
1227,6-396msg3.txt
1228,6-80msg4.txt
1229,9-634msg1.txt
1230,spmsgc26.txt
1231,spmsga98.txt
1232,9-989msg1.txt
1233,9-465msg1.txt
1234,3-565msg2.txt
1235,9-62msg1.txt
1236,spmsgc128.txt
1237,spmsga159.txt
1238,6-200msg1.txt
1239,8-1135msg1.txt
1240,6-311msg1.txt
1241,9-1545msg1.txt
1242,6-134msg1.txt
1243,9-1160msg1.txt
1244,6-476msg2.txt
1245,6-1097msg1.txt
1246,9-372msg2.txt
1247,6-1051msg1.txt
1248,9-1337msg1.txt
1249,8-829msg1.txt
1250,spmsga24.txt
1251,6-1144msg1.txt
1252,6-1086msg1.txt
1253,6-189msg2.txt
1254,6-921msg2.txt
1255,6-381msg5.txt
1256,9-18msg2.txt
1257,3-387msg1.txt
1258,9-838msg1.txt
1259,9-1336msg1.txt
1260,9-922msg1.txt
1261,9-907msg1.txt
1262,6-844msg1.txt
1263,spmsgb70.txt
1264,6-108msg1.txt
1265,9-1598msg1.txt
1266,6-939msg3.txt
1267,6-771msg3.txt
1268,3-405msg3.txt
1269,spmsgb10.txt
1270,9-1510msg1.txt
1271,6-922msg3.txt
1272,6-435msg1.txt
1273,9-746msg1.txt
1274,6-1056msg2.txt
1275,9-109msg1.txt
1276,9-1375msg1.txt
1277,9-1425msg2.txt
1278,spmsgb140.txt
1279,9-231msg1.txt
1280,3-392msg1.txt
1281,6-789msg3.txt
1282,8-925msg1.txt
1283,9-512msg1.txt
1284,spmsgb42.txt
1285,spmsgc91.txt
1286,9-919msg1.txt
1287,9-319msg1.txt
1288,6-955msg3.txt
1289,8-1137msg1.txt
1290,5-1430msg3.txt
1291,8-1172msg1.txt
1292,5-1328msg2.txt
1293,6-1029msg1.txt
1294,9-1543msg2.txt
1295,6-768msg1.txt
1296,6-1092msg1.txt
1297,8-1211msg1.txt
1298,6-248msg3.txt
1299,6-81msg1.txt
1300,spmsgb116.txt
1301,9-317msg2.txt
1302,6-173msg3.txt
1303,spmsga109.txt
1304,9-747msg1.txt
1305,spmsga13.txt
1306,9-1100msg1.txt
1307,9-970msg1.txt
1308,5-1285msg2.txt
1309,6-93msg1.txt
1310,6-50msg2.txt
1311,9-1001msg1.txt
1312,spmsga143.txt
1313,5-1462msg3.txt
1314,6-16msg1.txt
1315,spmsgb12.txt
1316,5-1230msg1.txt
1317,spmsgc87.txt
1318,9-608msg2.txt
1319,9-995msg1.txt
1320,6-904msg1.txt
1321,9-638msg2.txt
1322,6-915msg1.txt
1323,6-201msg1.txt
1324,3-435msg1.txt
1325,9-579msg1.txt
1326,spmsgc58.txt
1327,9-1289msg1.txt
1328,3-437msg5.txt
1329,9-1157msg1.txt
1330,9-536msg1.txt
1331,5-1263msg1.txt
1332,9-1458msg1.txt
1333,8-1152msg1.txt
1334,9-235msg1.txt
1335,6-1117msg1.txt
1336,6-15msg2.txt
1337,5-1321msg1.txt
1338,9-630msg2.txt
1339,9-568msg1.txt
1340,spmsgc59.txt
1341,3-391msg1.txt
1342,spmsgc29.txt
1343,9-1022msg1.txt
1344,5-1351msg1.txt
1345,6-289msg2.txt
1346,spmsga131.txt
1347,6-61msg1.txt
1348,spmsgb137.txt
1349,9-1073msg1.txt
1350,6-755msg2.txt
1351,6-852msg1.txt
1352,3-415msg0.txt
1353,5-1219msg2.txt
1354,3-416msg3.txt
1355,spmsgb90.txt
1356,5-1509msg1.txt
1357,9-301msg2.txt
1358,5-1458msg1.txt
1359,6-1123msg1.txt
1360,6-378msg1.txt
1361,6-51msg1.txt
1362,spmsgb54.txt
1363,6-1089msg1.txt
1364,3-380msg3.txt
1365,9-997msg1.txt
1366,9-1765msg1.txt
1367,9-1116msg2.txt
1368,spmsgb122.txt
1369,3-404msg7.txt
1370,6-1118msg2.txt
1371,5-1338msg1.txt
1372,6-1032msg1.txt
1373,9-1226msg2.txt
1374,9-1364msg1.txt
1375,9-1266msg2.txt
1376,9-826msg1.txt
1377,6-318msg1.txt
1378,spmsgb94.txt
1379,spmsgc8.txt
1380,6-801msg1.txt
1381,6-951msg1.txt
1382,spmsga70.txt
1383,5-1508msg3.txt
1384,spmsga161.txt
1385,6-228msg1.txt
1386,9-960msg1.txt
1387,8-1095msg1.txt
1388,9-841msg1.txt
1389,9-1791msg2.txt
1390,spmsgb141.txt
1391,9-379msg1.txt
1392,6-992msg3.txt
1393,6-992msg2.txt
1394,9-539msg1.txt
1395,9-138msg2.txt
1396,6-413msg2.txt
1397,6-245msg3.txt
1398,5-1497msg1.txt
1399,9-1685msg1.txt
1400,6-167msg1.txt
1401,9-486msg2.txt
1402,6-812msg1.txt
1403,9-1301msg2.txt
1404,3-437msg2.txt
1405,spmsga7.txt
1406,8-1201msg1.txt
1407,8-1136msg1.txt
1408,9-503msg1.txt
1409,8-1206msg3.txt
1410,6-1147msg2.txt
1411,9-1111msg1.txt
1412,spmsga9.txt
1413,spmsgb145.txt
1414,spmsgc68.txt
1415,9-222msg1.txt
1416,6-327msg5.txt
1417,9-290msg1.txt
1418,8-820msg1.txt
1419,6-914msg1.txt
1420,9-571msg1.txt
1421,6-896msg3.txt
1422,9-578msg2.txt
1423,6-1152msg1.txt
1424,6-1093msg1.txt
1425,5-1242msg1.txt
1426,spmsgb14.txt
1427,6-388msg1.txt
1428,9-718msg2.txt
1429,9-1784msg1.txt
1430,6-775msg1.txt
1431,9-1226msg1.txt
1432,9-29msg2.txt
1433,spmsga95.txt
1434,spmsgb27.txt
1435,9-217msg1.txt
1436,8-1144msg1.txt
1437,9-578msg1.txt
1438,9-1188msg1.txt
1439,9-1137msg1.txt
1440,6-475msg3.txt
1441,8-875msg1.txt
1442,spmsgb33.txt
1443,6-762msg1.txt
1444,6-939msg2.txt
1445,8-826msg1.txt
1446,6-907msg1.txt
1447,9-1716msg1.txt
1448,6-186msg3.txt
1449,8-1082msg1.txt
1450,8-884msg1.txt
1451,9-1008msg1.txt
1452,3-414msg3.txt
1453,5-1405msg2.txt
1454,9-153msg1.txt
1455,8-899msg1.txt
1456,9-297msg1.txt
1457,8-817msg3.txt
1458,8-949msg2.txt
1459,9-334msg1.txt
1460,5-1434msg2.txt
1461,6-1121msg1.txt
1462,6-453msg1.txt
1463,9-984msg2.txt
1464,9-748msg1.txt
1465,9-719msg1.txt
1466,9-1627msg1.txt
1467,9-695msg1.txt
1468,5-1245msg1.txt
1469,3-565msg1.txt
1470,6-453msg2.txt
1471,spmsgb97.txt
1472,9-377msg2.txt
1473,8-864msg1.txt
1474,9-1515msg1.txt
1475,6-377msg1.txt
1476,6-1125msg3.txt
1477,6-378msg2.txt
1478,9-1135msg1.txt
1479,9-513msg2.txt
1480,8-1128msg1.txt
1481,6-818msg1.txt
1482,6-833msg1.txt
1483,spmsgc143.txt
1484,spmsgc123.txt
1485,6-1124msg1.txt
1486,spmsgc61.txt
1487,5-1326msg1.txt
1488,5-1434msg3.txt
1489,spmsga10.txt
1490,6-303msg1.txt
1491,9-1648msg1.txt
1492,9-1818msg1.txt
1493,9-634msg2.txt
1494,spmsga92.txt
1495,9-157msg1.txt
1496,9-555msg1.txt
1497,9-167msg1.txt
1498,6-863msg1.txt
1499,6-1109msg3.txt
1500,spmsgc67.txt
1501,9-839msg1.txt
1502,spmsgc94.txt
1503,9-87msg1.txt
1504,5-1375msg3.txt
1505,5-1352msg1.txt
1506,6-813msg2.txt
1507,spmsgc77.txt
1508,6-1107msg1.txt
1509,9-1816msg1.txt
1510,9-384msg1.txt
1511,5-1284msg1.txt
1512,9-159msg2.txt
1513,5-1353msg3.txt
1514,6-341msg3.txt
1515,spmsga25.txt
1516,9-42msg1.txt
1517,5-1386msg1.txt
1518,6-389msg1.txt
1519,5-1213msg1.txt
1520,spmsgb161.txt
1521,9-152msg1.txt
1522,9-672msg1.txt
1523,5-1303msg2.txt
1524,9-570msg2.txt
1525,6-1125msg5.txt
1526,9-1156msg1.txt
1527,9-150msg1.txt
1528,6-419msg1.txt
1529,9-881msg1.txt
1530,5-1222msg2.txt
1531,6-420msg2.txt
1532,9-1154msg1.txt
1533,spmsgc104.txt
1534,spmsgb67.txt
1535,6-293msg1.txt
1536,6-418msg1.txt
1537,8-1215msg1.txt
1538,5-1358msg1.txt
1539,5-1402msg2.txt
1540,9-476msg1.txt
1541,spmsga29.txt
1542,spmsgb100.txt
1543,5-1459msg2.txt
1544,6-152msg1.txt
1545,spmsgc134.txt
1546,spmsgc111.txt
1547,spmsga15.txt
1548,8-1225msg3.txt
1549,spmsgc106.txt
1550,8-1112msg1.txt
1551,6-119msg1.txt
1552,spmsgc72.txt
1553,5-1466msg1.txt
1554,9-645msg1.txt
1555,6-1058msg1.txt
1556,5-1274msg1.txt
1557,5-1511msg1.txt
1558,9-1735msg2.txt
1559,8-871msg1.txt
1560,6-232msg3.txt
1561,spmsga102.txt
1562,9-54msg2.txt
1563,6-357msg2.txt
1564,6-771msg2.txt
1565,8-1182msg2.txt
1566,6-326msg2.txt
1567,9-1012msg1.txt
1568,6-325msg2.txt
1569,6-80msg3.txt
1570,8-897msg1.txt
1571,5-1345msg1.txt
1572,8-1229msg1.txt
1573,9-1646msg1.txt
1574,5-1434msg1.txt
1575,9-1372msg1.txt
1576,5-1282msg1.txt
1577,9-824msg1.txt
1578,9-288msg2.txt
1579,9-101msg2.txt
1580,6-125msg1.txt
1581,8-1108msg1.txt
1582,9-119msg1.txt
1583,3-383msg1.txt
1584,spmsga44.txt
1585,9-628msg2.txt
1586,6-1047msg1.txt
1587,9-778msg1.txt
1588,6-901msg1.txt
1589,3-436msg1.txt
1590,5-1218msg1.txt
1591,6-55msg1.txt
1592,spmsga21.txt
1593,6-151msg1.txt
1594,6-80msg5.txt
1595,9-1035msg1.txt
1596,spmsga66.txt
1597,6-1111msg1.txt
1598,9-906msg1.txt
1599,6-214msg1.txt
1600,9-931msg1.txt
1601,8-1145msg1.txt
1602,5-1420msg1.txt
1603,6-1074msg1.txt
1604,9-98msg1.txt
1605,9-842msg1.txt
1606,9-479msg1.txt
1607,9-1791msg1.txt
1608,6-77msg1.txt
1609,9-41msg2.txt
1610,5-1286msg1.txt
1611,5-1243msg1.txt
1612,9-718msg1.txt
1613,6-798msg1.txt
1614,9-761msg1.txt
1615,6-425msg1.txt
1616,5-1266msg1.txt
1617,9-1114msg1.txt
1618,spmsga117.txt
1619,8-1075msg1.txt
1620,5-1221msg1.txt
1621,9-1543msg1.txt
1622,9-694msg1.txt
1623,9-1058msg1.txt
1624,8-978msg1.txt
1625,spmsga162.txt
1626,spmsgc102.txt
1627,9-1424msg1.txt
1628,9-663msg1.txt
1629,spmsgc6.txt
1630,6-778msg1.txt
1631,9-1146msg1.txt
1632,5-1442msg1.txt
1633,5-1475msg1.txt
1634,8-956msg1.txt
1635,8-1132msg1.txt
1636,5-1312msg3.txt
1637,6-4msg1.txt
1638,9-519msg2.txt
1639,6-1075msg1.txt
1640,9-78msg2.txt
1641,spmsgb44.txt
1642,3-1msg3.txt
1643,9-288msg1.txt
1644,9-1525msg1.txt
1645,9-18msg1.txt
1646,9-1561msg1.txt
1647,9-1546msg1.txt
1648,9-1766msg1.txt
1649,9-1343msg1.txt
1650,8-1245msg1.txt
1651,9-1045msg2.txt
1652,5-1510msg1.txt
1653,9-833msg1.txt
1654,9-1262msg1.txt
1655,5-1468msg1.txt
1656,6-297msg3.txt
1657,8-1231msg1.txt
1658,5-1322msg1.txt
1659,6-292msg1.txt
1660,6-1149msg1.txt
1661,9-1074msg1.txt
1662,9-1249msg1.txt
1663,8-865msg1.txt
1664,5-1462msg1.txt
1665,spmsgc135.txt
1666,6-362msg1.txt
1667,8-1208msg1.txt
1668,spmsgc147.txt
1669,9-650msg1.txt
1670,9-742msg2.txt
1671,6-52msg1.txt
1672,6-425msg2.txt
1673,9-195msg1.txt
1674,6-222msg3.txt
1675,6-1095msg3.txt
1676,6-1112msg2.txt
1677,6-843msg3.txt
1678,9-1415msg1.txt
1679,6-97msg1.txt
1680,3-405msg2.txt
1681,6-329msg2.txt
1682,9-717msg2.txt
1683,9-1110msg1.txt
1684,6-1056msg1.txt
1685,9-114msg1.txt
1686,9-1769msg1.txt
1687,6-359msg2.txt
1688,3-547msg1.txt
1689,9-231msg2.txt
1690,9-1221msg1.txt
1691,6-190msg1.txt
1692,9-508msg1.txt
1693,spmsgb1.txt
1694,9-1099msg2.txt
1695,9-1577msg1.txt
1696,9-865msg1.txt
1697,9-1691msg1.txt
1698,6-932msg1.txt
1699,8-1163msg1.txt
1700,8-1225msg1.txt
1701,9-1300msg1.txt
1702,6-151msg5.txt
1703,3-387msg2.txt
1704,9-1219msg1.txt
1705,6-329msg3.txt
1706,8-937msg1.txt
1707,6-21msg1.txt
1708,spmsga47.txt
1709,8-933msg1.txt
1710,9-697msg1.txt
1711,spmsgc21.txt
1712,spmsga31.txt
1713,9-1206msg1.txt
1714,9-79msg1.txt
1715,6-1059msg1.txt
1716,spmsga155.txt
1717,9-437msg2.txt
1718,9-339msg1.txt
1719,spmsgb19.txt
1720,6-212msg0.txt
1721,9-1088msg1.txt
1722,spmsgc44.txt
1723,9-643msg2.txt
1724,9-981msg1.txt
1725,9-506msg2.txt
1726,9-1703msg1.txt
1727,5-1292msg1.txt
1728,9-1145msg1.txt
1729,9-126msg1.txt
1730,9-1217msg1.txt
1731,6-254msg1.txt
1732,spmsga64.txt
1733,6-1071msg1.txt
1734,spmsgb99.txt
1735,6-167msg2.txt
1736,spmsga17.txt
1737,6-474msg2.txt
1738,8-1232msg4.txt
1739,9-916msg1.txt
1740,3-442msg1.txt
1741,3-390msg2.txt
1742,9-1104msg1.txt
1743,spmsgb119.txt
1744,8-951msg1.txt
1745,9-1354msg2.txt
1746,6-1021msg1.txt
1747,6-1050msg2.txt
1748,spmsgb63.txt
1749,3-404msg3.txt
1750,spmsgc99.txt
1751,9-749msg1.txt
1752,6-856msg2.txt
1753,6-1009msg1.txt
1754,spmsgc142.txt
1755,6-1128msg3.txt
1756,9-1191msg1.txt
1757,spmsgb143.txt
1758,9-843msg1.txt
1759,8-988msg1.txt
1760,8-1044msg1.txt
1761,6-297msg1.txt
1762,5-1315msg4.txt
1763,6-118msg1.txt
1764,9-877msg1.txt
1765,9-552msg1.txt
1766,8-842msg1.txt
1767,8-1063msg1.txt
1768,9-1215msg1.txt
1769,6-237msg1.txt
1770,9-983msg1.txt
1771,spmsgb2.txt
1772,9-968msg1.txt
1773,spmsgb104.txt
1774,9-1593msg1.txt
1775,5-1312msg2.txt
1776,6-45msg1.txt
1777,6-400msg2.txt
1778,9-1020msg1.txt
1779,9-1316msg1.txt
1780,6-781msg5.txt
1781,6-317msg1.txt
1782,6-151msg2.txt
1783,6-856msg1.txt
1784,8-1202msg1.txt
1785,3-557msg2.txt
1786,spmsgb149.txt
1787,9-736msg2.txt
1788,spmsgb160.txt
1789,8-1178msg1.txt
1790,6-799msg1.txt
1791,9-157msg2.txt
1792,9-837msg1.txt
1793,9-1329msg2.txt
1794,6-823msg2.txt
1795,9-426msg1.txt
1796,8-837msg1.txt
1797,6-890msg2.txt
1798,6-255msg4.txt
1799,9-1195msg2.txt
1800,5-1311msg1.txt
1801,9-832msg1.txt
1802,5-1333msg1.txt
1803,9-209msg2.txt
1804,8-1077msg1.txt
1805,9-1029msg1.txt
1806,spmsgc81.txt
1807,6-957msg2.txt
1808,9-463msg1.txt
1809,9-209msg1.txt
1810,6-957msg5.txt
1811,3-404msg6.txt
1812,6-939msg1.txt
1813,6-205msg3.txt
1814,9-1473msg2.txt
1815,6-341msg1.txt
1816,9-216msg1.txt
1817,6-1055msg1.txt
1818,spmsga36.txt
1819,3-390msg0.txt
1820,6-160msg2.txt
1821,9-332msg2.txt
1822,9-664msg2.txt
1823,9-1424msg2.txt
1824,6-783msg1.txt
1825,6-966msg1.txt
1826,spmsga137.txt
1827,6-348msg1.txt
1828,spmsga151.txt
1829,6-1090msg1.txt
1830,3-425msg3.txt
1831,6-107msg3.txt
1832,8-881msg1.txt
1833,9-1064msg1.txt
1834,9-174msg1.txt
1835,spmsgc19.txt
1836,6-341msg2.txt
1837,6-36msg1.txt
1838,6-333msg1.txt
1839,9-583msg1.txt
1840,6-1063msg2.txt
1841,9-1499msg1.txt
1842,9-5msg1.txt
1843,9-1418msg1.txt
1844,8-862msg1.txt
1845,6-1147msg1.txt
1846,5-1296msg1.txt
1847,9-1190msg1.txt
1848,9-863msg1.txt
1849,spmsgb39.txt
1850,8-887msg1.txt
1851,5-1435msg3.txt
1852,spmsgc88.txt
1853,6-7msg1.txt
1854,9-387msg2.txt
1855,spmsgb38.txt
1856,spmsgc136.txt
1857,6-1036msg1.txt
1858,5-1303msg3.txt
1859,spmsga104.txt
1860,9-271msg1.txt
1861,9-422msg1.txt
1862,9-781msg1.txt
1863,6-1013msg1.txt
1864,5-1315msg3.txt
1865,6-70msg1.txt
1866,9-1654msg1.txt
1867,5-1268msg1.txt
1868,spmsgc27.txt
1869,9-1311msg2.txt
1870,6-773msg2.txt
1871,5-1229msg1.txt
1872,8-990msg1.txt
1873,9-655msg1.txt
1874,9-1650msg2.txt
1875,8-893msg1.txt
1876,9-387msg1.txt
1877,9-36msg1.txt
1878,5-1282msg2.txt
1879,6-1070msg1.txt
1880,spmsgc64.txt
1881,9-1078msg1.txt
1882,spmsgc28.txt
1883,6-1118msg3.txt
1884,6-110msg2.txt
1885,spmsgc60.txt
1886,5-1371msg0.txt
1887,5-1431msg1.txt
1888,9-597msg1.txt
1889,spmsga18.txt
1890,8-811msg2.txt
1891,spmsgc100.txt
1892,9-561msg1.txt
1893,9-106msg2.txt
1894,6-819msg1.txt
1895,spmsgb56.txt
1896,8-865msg2.txt
1897,spmsgb112.txt
1898,9-692msg1.txt
1899,6-790msg3.txt
1900,6-65msg1.txt
1901,6-861msg1.txt
1902,5-1258msg1.txt
1903,spmsga101.txt
1904,spmsga130.txt
1905,8-896msg1.txt
1906,9-64msg2.txt
1907,9-349msg1.txt
1908,8-923msg1.txt
1909,spmsga134.txt
1910,3-558msg1.txt
1911,5-1420msg2.txt
1912,spmsga4.txt
1913,6-879msg1.txt
1914,9-1139msg1.txt
1915,9-750msg1.txt
1916,8-987msg2.txt
1917,6-209msg2.txt
1918,9-1090msg1.txt
1919,spmsgc70.txt
1920,9-1200msg1.txt
1921,6-245msg2.txt
1922,9-787msg1.txt
1923,9-365msg1.txt
1924,9-140msg1.txt
1925,spmsgb127.txt
1926,6-841msg1.txt
1927,6-907msg2.txt
1928,8-1110msg1.txt
1929,9-505msg1.txt
1930,3-437msg1.txt
1931,6-875msg1.txt
1932,8-1125msg1.txt
1933,3-550msg2.txt
1934,spmsga149.txt
1935,9-1020msg2.txt
1936,6-197msg2.txt
1937,9-125msg1.txt
1938,spmsga122.txt
1939,3-402msg3.txt
1940,9-1011msg1.txt
1941,spmsga152.txt
1942,9-1258msg2.txt
1943,8-873msg1.txt
1944,9-14msg1.txt
1945,9-1817msg1.txt
1946,9-186msg1.txt
1947,9-498msg2.txt
1948,9-1082msg1.txt
1949,9-1564msg2.txt
1950,6-382msg1.txt
1951,spmsgb61.txt
1952,5-1416msg1.txt
1953,9-1519msg1.txt
1954,6-455msg1.txt
1955,9-1404msg1.txt
1956,9-515msg1.txt
1957,6-1011msg1.txt
1958,6-1112msg3.txt
1959,spmsga81.txt
1960,9-34msg1.txt
1961,6-1102msg3.txt
1962,8-1084msg1.txt
1963,9-1344msg1.txt
1964,6-1150msg1.txt
1965,6-848msg1.txt
1966,6-987msg5.txt
1967,6-201msg3.txt
1968,6-981msg3.txt
1969,9-303msg1.txt
1970,8-1089msg1.txt
1971,6-1138msg1.txt
1972,5-1245msg3.txt
1973,8-876msg1.txt
1974,9-1153msg1.txt
1975,5-1268msg2.txt
1976,8-933msg2.txt
1977,6-829msg3.txt
1978,6-853msg1.txt
1979,spmsgb109.txt
1980,9-1294msg1.txt
1981,6-809msg2.txt
1982,3-444msg1.txt
1983,8-1179msg1.txt
1984,5-1328msg3.txt
1985,spmsgb59.txt
1986,9-244msg1.txt
1987,8-867msg1.txt
1988,9-1735msg1.txt
1989,6-789msg1.txt
1990,6-437msg2.txt
1991,spmsgb35.txt
1992,spmsga120.txt
1993,9-301msg1.txt
1994,9-736msg1.txt
1995,9-1199msg2.txt
1996,5-1298msg3.txt
1997,spmsgc114.txt
1998,9-1819msg1.txt
1999,3-436msg2.txt
2000,8-964msg1.txt
2001,spmsga125.txt
2002,6-1000msg1.txt
2003,spmsgb146.txt
2004,9-435msg1.txt
2005,9-524msg1.txt
2006,3-384msg0.txt
2007,spmsgb50.txt
2008,6-1072msg1.txt
2009,6-844msg3.txt
2010,9-208msg2.txt
2011,spmsgb3.txt
2012,6-380msg1.txt
2013,spmsga160.txt
2014,8-845msg1.txt
2015,6-162msg1.txt
2016,9-33msg2.txt
2017,8-887msg2.txt
2018,6-790msg2.txt
2019,9-1065msg1.txt
2020,9-643msg1.txt
2021,6-455msg2.txt
2022,5-1375msg2.txt
2023,9-1152msg1.txt
2024,9-1118msg1.txt
2025,8-1043msg1.txt
2026,9-1228msg1.txt
2027,5-1463msg1.txt
2028,spmsga61.txt
2029,spmsgb53.txt
2030,6-917msg3.txt
2031,8-1057msg1.txt
2032,9-23msg1.txt
2033,6-1039msg1.txt
2034,6-266msg2.txt
2035,spmsgb52.txt
2036,9-251msg1.txt
2037,9-1377msg1.txt
2038,9-833msg2.txt
2039,9-1564msg1.txt
2040,spmsgb148.txt
2041,9-1080msg1.txt
2042,5-1393msg3.txt
2043,3-375msg1.txt
2044,9-1260msg1.txt
2045,9-907msg2.txt
2046,6-300msg1.txt
2047,6-378msg3.txt
2048,8-1049msg1.txt
2049,3-442msg3.txt
2050,8-1023msg1.txt
2051,9-1044msg1.txt
2052,6-1129msg1.txt
2053,spmsgb5.txt
2054,6-433msg1.txt
2055,9-1711msg1.txt
2056,9-1133msg1.txt
2057,9-128msg1.txt
2058,6-987msg4.txt
2059,spmsgc139.txt
2060,spmsgb86.txt
2061,6-139msg1.txt
2062,5-1453msg3.txt
2063,spmsgb120.txt
2064,9-836msg1.txt
2065,6-41msg1.txt
2066,6-266msg3.txt
2067,9-1293msg1.txt
2068,spmsga121.txt
2069,spmsgc22.txt
2070,9-154msg1.txt
2071,9-1738msg1.txt
2072,5-1288msg1.txt
2073,9-1774msg2.txt
2074,5-1349msg1.txt
2075,3-380msg6.txt
2076,8-922msg2.txt
2077,9-296msg1.txt
2078,5-1415msg1.txt
2079,9-902msg1.txt
2080,5-1415msg2.txt
2081,5-1296msg3.txt
2082,spmsgb83.txt
2083,spmsga126.txt
2084,3-390msg4.txt
2085,6-422msg1.txt
2086,9-429msg1.txt
2087,spmsga90.txt
2088,spmsga127.txt
2089,9-1142msg1.txt
2090,6-1066msg1.txt
2091,9-1067msg1.txt
2092,6-132msg1.txt
2093,8-1041msg1.txt
2094,9-1323msg1.txt
2095,9-154msg2.txt
2096,9-580msg1.txt
2097,6-50msg3.txt
2098,9-1431msg1.txt
2099,9-415msg1.txt
2100,8-1119msg1.txt
2101,spmsgc80.txt
2102,9-1530msg1.txt
2103,9-1465msg1.txt
2104,9-357msg1.txt
2105,9-1753msg2.txt
2106,3-378msg5.txt
2107,9-1799msg1.txt
2108,6-891msg1.txt
2109,3-425msg1.txt
2110,6-250msg1.txt
2111,5-1330msg1.txt
2112,9-684msg1.txt
2113,6-282msg1.txt
2114,6-22msg1.txt
2115,9-4msg2.txt
2116,6-813msg1.txt
2117,6-798msg3.txt
2118,6-422msg3.txt
2119,spmsgb72.txt
2120,9-364msg2.txt
2121,6-791msg1.txt
2122,spmsgb6.txt
2123,9-1400msg1.txt
2124,9-1038msg1.txt
2125,6-266msg1.txt
2126,9-1402msg1.txt
2127,9-1744msg2.txt
2128,spmsga105.txt
2129,8-863msg2.txt
2130,9-656msg1.txt
2131,6-825msg1.txt
2132,9-108msg1.txt
2133,6-1017msg1.txt
2134,5-1415msg3.txt
2135,9-220msg1.txt
2136,6-437msg3.txt
2137,9-461msg2.txt
2138,9-1650msg1.txt
2139,9-53msg1.txt
2140,9-1753msg1.txt
2141,9-552msg2.txt
2142,9-967msg1.txt
2143,6-1154msg1.txt
2144,5-1487msg1.txt
2145,spmsgb23.txt
2146,9-436msg1.txt
2147,6-357msg3.txt
2148,6-1147msg3.txt
2149,5-1307msg3.txt
2150,9-83msg2.txt
2151,6-1125msg4.txt
2152,6-1094msg1.txt
2153,3-390msg1.txt
2154,8-1000msg1.txt
2155,9-366msg1.txt
2156,9-1485msg2.txt
2157,spmsga150.txt
2158,9-1236msg1.txt
2159,9-1105msg1.txt
2160,5-1237msg1.txt
2161,6-949msg2.txt
2162,5-1443msg1.txt
2163,6-902msg1.txt
2164,9-633msg1.txt
2165,5-1453msg2.txt
2166,5-1459msg3.txt
2167,6-80msg1.txt
2168,9-496msg2.txt
2169,9-1430msg1.txt
2170,9-1036msg1.txt
2171,spmsga65.txt
2172,spmsgb150.txt
2173,3-559msg5.txt
2174,5-1455msg1.txt
2175,6-985msg1.txt
2176,3-385msg1.txt
2177,9-1820msg1.txt
2178,9-1465msg2.txt
2179,9-1654msg2.txt
2180,6-1019msg1.txt
2181,8-844msg1.txt
2182,6-107msg1.txt
2183,9-911msg1.txt
2184,spmsga11.txt
2185,spmsga93.txt
2186,6-327msg4.txt
2187,6-267msg1.txt
2188,9-278msg2.txt
2189,5-1470msg1.txt
2190,9-441msg2.txt
2191,6-755msg1.txt
2192,spmsga53.txt
2193,3-436msg3.txt
2194,9-1678msg1.txt
2195,6-1036msg2.txt
2196,9-1577msg2.txt
2197,6-1131msg1.txt
2198,9-1144msg1.txt
2199,9-1033msg2.txt
2200,spmsga58.txt
2201,5-1389msg1.txt
2202,spmsga76.txt
2203,spmsga22.txt
2204,9-1632msg1.txt
2205,9-664msg1.txt
2206,spmsga157.txt
2207,spmsgc85.txt
2208,6-996msg1.txt
2209,9-1138msg1.txt
2210,6-1052msg1.txt
2211,spmsgb131.txt
2212,6-845msg1.txt
2213,spmsgb108.txt
2214,9-111msg1.txt
2215,9-751msg2.txt
2216,spmsgc92.txt
2217,9-977msg1.txt
2218,9-34msg2.txt
2219,spmsga91.txt
2220,9-948msg1.txt
2221,9-392msg1.txt
2222,9-1510msg2.txt
2223,spmsgc84.txt
2224,8-1084msg2.txt
2225,6-430msg1.txt
2226,5-1311msg2.txt
2227,6-121msg1.txt
2228,8-1206msg2.txt
2229,6-828msg2.txt
2230,9-1099msg1.txt
2231,8-833msg1.txt
2232,5-1316msg1.txt
2233,6-151msg3.txt
2234,3-430msg1.txt
2235,3-426msg3.txt
2236,5-1301msg1.txt
2237,9-508msg2.txt
2238,6-1025msg1.txt
2239,spmsgb89.txt
2240,5-1329msg1.txt
2241,6-112msg1.txt
2242,6-211msg1.txt
2243,9-1586msg1.txt
2244,spmsgc120.txt
2245,6-829msg1.txt
2246,9-29msg1.txt
2247,9-955msg1.txt
2248,spmsgb40.txt
2249,5-1388msg1.txt
2250,9-217msg2.txt
2251,9-186msg2.txt
2252,6-75msg1.txt
2253,9-1714msg1.txt
2254,9-535msg1.txt
2255,9-621msg1.txt
2256,5-1225msg3.txt
2257,9-1669msg1.txt
2258,8-977msg3.txt
2259,3-395msg1.txt
2260,6-273msg1.txt
2261,8-987msg1.txt
2262,6-899msg1.txt
2263,9-550msg1.txt
2264,spmsgb111.txt
2265,9-1492msg1.txt
2266,5-1471msg1.txt
2267,8-1161msg1.txt
2268,9-637msg2.txt
2269,9-64msg1.txt
2270,8-1171msg1.txt
2271,9-1566msg2.txt
2272,5-1473msg1.txt
2273,9-120msg1.txt
2274,spmsga52.txt
2275,3-423msg3.txt
2276,9-827msg1.txt
2277,5-1218msg2.txt
2278,5-1377msg1.txt
2279,9-1295msg1.txt
2280,8-894msg1.txt
2281,9-1563msg1.txt
2282,6-887msg1.txt
2283,5-1279msg2.txt
2284,spmsgb117.txt
2285,9-780msg1.txt
2286,9-654msg1.txt
2287,3-433msg3.txt
2288,9-882msg1.txt
2289,8-1226msg1.txt
2290,6-434msg1.txt
2291,6-825msg2.txt
2292,9-236msg1.txt
2293,spmsga113.txt
2294,6-904msg0.txt
2295,spmsgc11.txt
2296,spmsga82.txt
2297,6-376msg1.txt
2298,8-1147msg1.txt
2299,6-1004msg1.txt
2300,9-366msg2.txt
2301,8-1079msg1.txt
2302,6-781msg3.txt
2303,6-289msg3.txt
2304,8-1207msg1.txt
2305,spmsgb73.txt
2306,9-1192msg1.txt
2307,spmsga59.txt
2308,9-771msg1.txt
2309,3-405msg4.txt
2310,9-1208msg1.txt
2311,9-55msg1.txt
2312,spmsgc66.txt
2313,6-1118msg1.txt
2314,spmsga51.txt
2315,9-1163msg2.txt
2316,8-933msg3.txt
2317,3-404msg4.txt
2318,spmsgc132.txt
2319,6-1048msg1.txt
2320,3-423msg1.txt
2321,9-625msg1.txt
2322,9-1162msg1.txt
2323,6-828msg1.txt
2324,5-1372msg1.txt
2325,9-35msg2.txt
2326,3-390msg3.txt
2327,9-1774msg1.txt
2328,9-1401msg1.txt
2329,9-1515msg2.txt
2330,6-199msg1.txt
2331,6-987msg1.txt
2332,spmsga56.txt
2333,5-1311msg3.txt
2334,9-870msg1.txt
2335,8-1143msg2.txt
2336,3-437msg3.txt
2337,9-518msg1.txt
2338,9-1602msg2.txt
2339,3-423msg2.txt
2340,6-995msg1.txt
2341,9-1164msg1.txt
2342,5-1226msg2.txt
2343,9-250msg2.txt
2344,9-268msg1.txt
2345,5-1498msg1.txt
2346,8-1120msg1.txt
2347,6-50msg0.txt
2348,6-831msg1.txt
2349,spmsga37.txt
2350,spmsgc62.txt
2351,6-390msg2.txt
2352,9-983msg2.txt
2353,8-936msg1.txt
2354,spmsga73.txt
2355,spmsgc56.txt
2356,9-124msg1.txt
2357,6-417msg1.txt
2358,5-1453msg1.txt
2359,6-1120msg1.txt
2360,6-249msg1.txt
2361,6-338msg1.txt
2362,8-1125msg4.txt
2363,9-869msg1.txt
2364,6-437msg1.txt
2365,9-1484msg1.txt
2366,9-41msg1.txt
2367,9-1273msg1.txt
2368,6-781msg2.txt
2369,5-1435msg1.txt
2370,6-922msg1.txt
2371,9-612msg1.txt
2372,9-311msg2.txt
2373,spmsgb167.txt
2374,spmsgb157.txt
2375,3-379msg2.txt
2376,5-1495msg1.txt
2377,9-147msg2.txt
2378,9-1125msg1.txt
2379,3-433msg2.txt
2380,6-209msg3.txt
2381,5-1279msg1.txt
2382,9-376msg2.txt
2383,spmsgc126.txt
2384,9-1207msg1.txt
2385,9-480msg1.txt
2386,6-371msg1.txt
2387,6-948msg1.txt
2388,spmsga89.txt
2389,9-992msg1.txt
2390,spmsga5.txt
2391,9-1585msg1.txt
2392,spmsgc113.txt
2393,spmsga165.txt
2394,9-226msg1.txt
2395,5-1217msg1.txt
2396,9-365msg2.txt
2397,9-428msg1.txt
2398,6-978msg1.txt
2399,9-1715msg2.txt
2400,5-1361msg1.txt
2401,spmsga84.txt
2402,9-554msg1.txt
2403,6-1033msg1.txt
2404,9-494msg1.txt
2405,9-1216msg1.txt
2406,5-1390msg1.txt
2407,9-196msg2.txt
2408,9-1525msg2.txt
2409,3-385msg3.txt
2410,8-1143msg1.txt
2411,6-1106msg1.txt
2412,spmsga54.txt
2413,8-1117msg1.txt
2414,9-210msg1.txt
2415,6-235msg1.txt
2416,6-422msg2.txt
2417,9-1750msg1.txt
2418,9-378msg1.txt
2419,6-107msg2.txt
2420,6-15msg1.txt
2421,spmsgc105.txt
2422,9-1622msg1.txt
2423,5-1460msg1.txt
2424,5-1405msg3.txt
2425,5-1390msg3.txt
2426,6-199msg4.txt
2427,6-832msg1.txt
2428,6-326msg3.txt
2429,9-1354msg3.txt
2430,5-1290msg1.txt
2431,6-21msg3.txt
2432,9-1069msg1.txt
2433,9-1055msg1.txt
2434,9-271msg2.txt
2435,spmsgb151.txt
2436,9-957msg1.txt
2437,6-1098msg1.txt
2438,6-273msg2.txt
2439,spmsgc63.txt
2440,9-563msg2.txt
2441,8-1066msg2.txt
2442,6-156msg1.txt
2443,6-333msg2.txt
2444,9-1590msg1.txt
2445,9-722msg1.txt
2446,spmsgc37.txt
2447,9-539msg2.txt
2448,6-420msg3.txt
2449,9-1797msg1.txt
2450,8-1054msg1.txt
2451,8-1071msg1.txt
2452,9-1602msg3.txt
2453,spmsga69.txt
2454,9-1155msg1.txt
2455,3-418msg3.txt
2456,6-353msg3.txt
2457,6-232msg1.txt
2458,spmsgc121.txt
2459,8-1247msg1.txt
2460,9-39msg1.txt
2461,9-653msg1.txt
2462,6-430msg4.txt
2463,9-1123msg1.txt
2464,9-1102msg2.txt
2465,9-282msg1.txt
2466,6-10msg3.txt
2467,9-306msg1.txt
2468,spmsgb37.txt
2469,9-1128msg1.txt
2470,spmsga8.txt
2471,6-896msg1.txt
2472,8-1199msg1.txt
2473,3-553msg2.txt
2474,9-612msg2.txt
2475,9-1626msg1.txt
2476,9-152msg2.txt
2477,spmsga67.txt
2478,9-1333msg1.txt
2479,9-354msg1.txt
2480,5-1492msg1.txt
2481,9-55msg2.txt
2482,8-1023msg2.txt
2483,6-188msg1.txt
2484,5-1372msg3.txt
2485,5-1504msg1.txt
2486,8-972msg1.txt
2487,9-1717msg2.txt
2488,9-1798msg2.txt
2489,6-189msg3.txt
2490,9-78msg1.txt
2491,9-1026msg1.txt
2492,spmsgb165.txt
2493,6-1146msg2.txt
2494,spmsgb7.txt
2495,9-1404msg2.txt
2496,6-1134msg1.txt
2497,9-1153msg2.txt
2498,spmsgb46.txt
2499,5-1484msg1.txt
2500,9-852msg2.txt
2501,9-63msg1.txt
2502,8-949msg1.txt
2503,9-1004msg1.txt
2504,6-785msg1.txt
2505,spmsgb105.txt
2506,6-160msg3.txt
2507,8-1063msg2.txt
2508,6-400msg3.txt
2509,6-373msg1.txt
2510,5-1266msg3.txt
2511,9-1128msg2.txt
2512,5-1450msg1.txt
2513,3-433msg1.txt
2514,6-1101msg3.txt
2515,9-731msg1.txt
2516,6-150msg1.txt
2517,6-1103msg1.txt
2518,8-1220msg1.txt
2519,5-1482msg4.txt
2520,9-915msg1.txt
2521,8-1028msg1.txt
2522,9-418msg1.txt
2523,5-1217msg3.txt
2524,9-1680msg1.txt
2525,9-1225msg1.txt
2526,5-1496msg3.txt
2527,6-381msg3.txt
2528,6-256msg1.txt
2529,6-375msg1.txt
2530,spmsgb129.txt
2531,spmsgb34.txt
2532,spmsga19.txt
2533,9-1047msg1.txt
2534,9-1458msg2.txt
2535,9-414msg2.txt
2536,6-7msg3.txt
2537,9-326msg1.txt
2538,spmsgb80.txt
2539,6-1056msg3.txt
2540,5-1405msg1.txt
2541,5-1402msg1.txt
2542,9-332msg1.txt
2543,spmsga110.txt
2544,spmsga79.txt
2545,spmsgc137.txt
2546,6-425msg3.txt
2547,6-1116msg1.txt
2548,6-1069msg1.txt
2549,8-1018msg1.txt
2550,9-1433msg1.txt
2551,9-1349msg1.txt
2552,8-1133msg1.txt
2553,spmsgc97.txt
2554,3-416msg5.txt
2555,8-1125msg2.txt
2556,6-1063msg3.txt
2557,5-1490msg1.txt
2558,5-1312msg1.txt
2559,9-101msg1.txt
2560,6-42msg1.txt
2561,6-949msg3.txt
2562,9-370msg1.txt
2563,9-497msg1.txt
2564,9-488msg1.txt
2565,3-421msg5.txt
2566,5-1390msg2.txt
2567,6-1104msg1.txt
2568,8-1153msg1.txt
2569,9-38msg1.txt
2570,6-110msg1.txt
2571,6-209msg1.txt
2572,6-1msg1.txt
2573,8-811msg1.txt
2574,6-367msg1.txt
2575,spmsgb47.txt
2576,9-785msg2.txt
2577,5-1240msg1.txt
2578,6-925msg1.txt
2579,9-142msg2.txt
2580,9-1731msg1.txt
2581,9-1609msg1.txt
2582,5-1486msg1.txt
2583,6-7msg2.txt
2584,spmsgb28.txt
2585,6-820msg1.txt
2586,6-166msg2.txt
2587,5-1273msg1.txt
2588,9-1077msg1.txt
2589,6-1040msg1.txt
2590,5-1482msg5.txt
2591,6-68msg1.txt
2592,8-1005msg1.txt
2593,6-359msg1.txt
2594,9-435msg2.txt
2595,8-1222msg1.txt
2596,6-248msg2.txt
2597,9-1473msg1.txt
2598,6-854msg1.txt
2599,9-1193msg1.txt
2600,9-1350msg1.txt
2601,6-110msg3.txt
2602,6-1005msg1.txt
2603,3-421msg3.txt
2604,3-380msg5.txt
2605,9-852msg1.txt
2606,spmsgb156.txt
2607,6-201msg2.txt
2608,9-1267msg1.txt
2609,8-1075msg2.txt
2610,9-391msg1.txt
2611,9-358msg1.txt
2612,spmsgc82.txt
2613,6-955msg2.txt
2614,6-381msg4.txt
2615,5-1256msg1.txt
2616,9-491msg1.txt
2617,6-1001msg1.txt
2618,6-1091msg1.txt
2619,9-1536msg1.txt
2620,5-1499msg1.txt
2621,3-379msg3.txt
2622,9-1230msg1.txt
2623,9-1014msg1.txt
2624,9-1746msg1.txt
2625,9-1436msg1.txt
2626,9-1102msg1.txt
2627,9-1689msg1.txt
2628,6-364msg1.txt
2629,3-402msg1.txt
2630,spmsgc17.txt
2631,spmsga87.txt
2632,9-656msg2.txt
2633,spmsga63.txt
2634,6-981msg2.txt
2635,9-1259msg1.txt
2636,6-960msg1.txt
2637,6-468msg2.txt
2638,9-652msg2.txt
2639,3-416msg4.txt
2640,6-860msg1.txt
2641,9-1559msg1.txt
2642,6-864msg1.txt
2643,spmsga39.txt
2644,3-426msg2.txt
2645,5-1375msg4.txt
2646,9-372msg1.txt
2647,9-1034msg1.txt
2648,6-248msg1.txt
2649,5-1303msg1.txt
2650,6-1061msg1.txt
2651,9-22msg1.txt
2652,6-875msg2.txt
2653,6-334msg1.txt
2654,8-828msg4.txt
2655,9-441msg1.txt
2656,3-404msg2.txt
2657,6-1037msg2.txt
2658,9-312msg1.txt
2659,spmsga6.txt
2660,5-1413msg1.txt
2661,9-744msg1.txt
2662,6-1159msg1.txt
2663,5-1343msg1.txt
2664,6-1102msg2.txt
2665,9-621msg2.txt
2666,9-935msg1.txt
2667,9-1043msg2.txt
2668,6-163msg2.txt
2669,9-971msg1.txt
2670,9-1749msg1.txt
2671,8-1232msg1.txt
2672,3-388msg1.txt
2673,9-1116msg1.txt
2674,6-199msg2.txt
2675,9-1782msg1.txt
2676,spmsga96.txt
2677,spmsgb101.txt
2678,spmsga30.txt
2679,spmsgb71.txt
2680,8-1185msg1.txt
2681,5-1239msg1.txt
2682,8-1087msg1.txt
2683,spmsgc51.txt
2684,spmsga141.txt
2685,5-1435msg2.txt
2686,5-1482msg2.txt
2687,spmsgb16.txt
2688,6-189msg1.txt
2689,6-146msg1.txt
2690,3-416msg2.txt
2691,spmsga138.txt
2692,8-1171msg2.txt
2693,9-1243msg2.txt
2694,6-1155msg2.txt
2695,6-890msg3.txt
2696,spmsgc98.txt
2697,6-837msg1.txt
2698,6-166msg1.txt
2699,5-1324msg1.txt
2700,5-1373msg1.txt
2701,9-1632msg2.txt
2702,8-821msg1.txt
2703,spmsgb96.txt
2704,6-173msg1.txt
2705,9-450msg1.txt
2706,9-486msg1.txt
2707,9-146msg1.txt
2708,5-1488msg1.txt
2709,3-445msg1.txt
2710,9-975msg1.txt
2711,spmsgb110.txt
2712,3-426msg1.txt
2713,9-572msg1.txt
2714,spmsga164.txt
2715,3-404msg5.txt
2716,9-505msg2.txt
2717,6-758msg1.txt
2718,spmsgb8.txt
2719,spmsga20.txt
2720,5-1474msg1.txt
2721,spmsgc14.txt
2722,6-474msg1.txt
2723,6-315msg1.txt
2724,9-1481msg2.txt
2725,9-1119msg1.txt
2726,spmsgb92.txt
2727,6-113msg2.txt
2728,5-1286msg2.txt
2729,9-650msg2.txt
2730,9-88msg1.txt
2731,8-892msg1.txt
2732,9-996msg1.txt
2733,9-952msg1.txt
2734,5-1398msg1.txt
2735,9-1253msg1.txt
2736,9-874msg1.txt
2737,6-1018msg1.txt
2738,9-1608msg1.txt
2739,8-817msg1.txt
2740,5-1318msg2.txt
2741,6-463msg1.txt
2742,6-943msg1.txt
2743,spmsga49.txt
2744,9-261msg1.txt
2745,8-1064msg1.txt
2746,6-1122msg1.txt
2747,5-1257msg1.txt
2748,6-173msg2.txt
2749,6-241msg3.txt
2750,3-380msg7.txt
2751,5-1318msg3.txt
2752,9-1625msg1.txt
2753,9-984msg1.txt
2754,6-28msg1.txt
2755,spmsga163.txt
2756,9-920msg1.txt
2757,5-1278msg0.txt
2758,3-385msg2.txt
2759,6-175msg1.txt
2760,9-25msg1.txt
2761,spmsgb43.txt
2762,6-993msg1.txt
2763,5-1372msg2.txt
2764,6-373msg3.txt
2765,9-961msg1.txt
2766,spmsgc41.txt
2767,6-1138msg3.txt
2768,9-72msg2.txt
2769,5-1375msg5.txt
2770,spmsga43.txt
2771,spmsga3.txt
2772,spmsga116.txt
2773,6-754msg1.txt
2774,9-2msg1.txt
2775,9-818msg1.txt
2776,3-553msg3.txt
2777,6-54msg1.txt
2778,9-569msg1.txt
2779,9-705msg1.txt
2780,6-957msg3.txt
2781,9-114msg2.txt
2782,8-1232msg3.txt
2783,6-430msg2.txt
2784,9-1428msg1.txt
2785,spmsgc83.txt
2786,6-475msg1.txt
2787,6-326msg1.txt
2788,5-1239msg3.txt
2789,spmsgc9.txt
2790,5-1318msg1.txt
2791,5-1291msg1.txt
2792,8-1177msg1.txt
2793,6-274msg1.txt
2794,spmsgc5.txt
2795,6-889msg1.txt
2796,6-162msg2.txt
2797,6-1157msg1.txt
2798,5-1243msg2.txt
2799,6-212msg1.txt
2800,9-475msg1.txt
2801,spmsga74.txt
2802,9-259msg1.txt
2803,9-1073msg2.txt
2804,9-1311msg1.txt
2805,spmsgc3.txt
2806,9-300msg1.txt
2807,spmsgc13.txt
2808,9-364msg1.txt
2809,spmsgb22.txt
2810,8-901msg1.txt
2811,6-789msg2.txt
2812,spmsga119.txt
2813,6-856msg3.txt
2814,6-207msg1.txt
2815,9-1604msg1.txt
2816,spmsgc31.txt
2817,9-630msg1.txt
2818,9-1587msg1.txt
2819,6-255msg1.txt
2820,9-245msg1.txt
2821,spmsgc25.txt
2822,9-1738msg2.txt
2823,9-1602msg1.txt
2824,6-50msg1.txt
2825,5-1307msg2.txt
2826,3-559msg2.txt
2827,9-1251msg1.txt
2828,6-1084msg1.txt
2829,9-1496msg1.txt
2830,9-1275msg1.txt
2831,9-1267msg2.txt
2832,9-1717msg1.txt
2833,6-1030msg2.txt
2834,9-1716msg2.txt
2835,9-1434msg1.txt
2836,9-370msg2.txt
2837,9-118msg2.txt
2838,8-1071msg2.txt
2839,6-33msg1.txt
2840,8-1104msg1.txt
2841,6-197msg1.txt
2842,spmsga12.txt
2843,9-883msg1.txt
2844,spmsgc141.txt
2845,spmsgb93.txt
2846,5-1261msg1.txt
2847,6-907msg3.txt
2848,6-992msg5.txt
2849,5-1413msg4.txt
2850,5-1384msg1.txt
2851,spmsgc52.txt
2852,8-858msg1.txt
2853,9-570msg1.txt
2854,5-1257msg3.txt
2855,6-923msg1.txt
2856,8-1031msg1.txt
2857,6-900msg1.txt
2858,spmsga142.txt
2859,6-295msg1.txt
2860,5-1452msg1.txt
2861,3-378msg3.txt
2862,9-1480msg2.txt
2863,9-57msg1.txt
2864,8-1153msg2.txt
2865,spmsga1.txt
2866,spmsga57.txt
2867,spmsgb81.txt
2868,5-1264msg3.txt
2869,8-1138msg1.txt
2870,9-1425msg1.txt
2871,9-1003msg1.txt
2872,5-1482msg3.txt
2873,9-1342msg1.txt
2874,8-1237msg1.txt
2875,8-1126msg1.txt
2876,9-1080msg2.txt
2877,8-931msg1.txt
2878,spmsgc69.txt
2879,9-1597msg2.txt
2880,9-1043msg1.txt
2881,3-387msg0.txt
2882,9-74msg1.txt
2883,spmsgb162.txt
2884,6-917msg2.txt
2885,spmsgb79.txt
2886,spmsga140.txt
2887,9-54msg1.txt
2888,spmsgb17.txt
2889,6-236msg1.txt
2890,9-1527msg2.txt
2891,6-268msg1.txt
2892,spmsga144.txt
