id,description,name,type
0,Num. occurrences of '15th',15th,numeric
1,Num. occurrences of '1st',1st,numeric
2,Num. occurrences of '20th',20th,numeric
3,Num. occurrences of '2nd',2nd,numeric
4,Num. occurrences of '3d',3d,numeric
5,Num. occurrences of '3rd',3rd,numeric
6,Num. occurrences of '4th',4th,numeric
7,Num. occurrences of '5th',5th,numeric
8,Num. occurrences of '_digit_',_digit_,numeric
9,Num. occurrences of 'a4',a4,numeric
10,Num. occurrences of 'ab',ab,numeric
11,Num. occurrences of 'abil',abil,numeric
12,Num. occurrences of 'abl',abl,numeric
13,Num. occurrences of 'abov',abov,numeric
14,Num. occurrences of 'absolut',absolut,numeric
15,Num. occurrences of 'abstract',abstract,numeric
16,Num. occurrences of 'ac',ac,numeric
17,Num. occurrences of 'academ',academ,numeric
18,Num. occurrences of 'academi',academi,numeric
19,Num. occurrences of 'accent',accent,numeric
20,Num. occurrences of 'accept',accept,numeric
21,Num. occurrences of 'access',access,numeric
22,Num. occurrences of 'accommod',accommod,numeric
23,Num. occurrences of 'accomod',accomod,numeric
24,Num. occurrences of 'accompani',accompani,numeric
25,Num. occurrences of 'accord',accord,numeric
26,Num. occurrences of 'account',account,numeric
27,Num. occurrences of 'accur',accur,numeric
28,Num. occurrences of 'accus',accus,numeric
29,Num. occurrences of 'achiev',achiev,numeric
30,Num. occurrences of 'acknowledg',acknowledg,numeric
31,Num. occurrences of 'acl',acl,numeric
32,Num. occurrences of 'acoust',acoust,numeric
33,Num. occurrences of 'acquir',acquir,numeric
34,Num. occurrences of 'acquisit',acquisit,numeric
35,Num. occurrences of 'across',across,numeric
36,Num. occurrences of 'act',act,numeric
37,Num. occurrences of 'action',action,numeric
38,Num. occurrences of 'activ',activ,numeric
39,Num. occurrences of 'actual',actual,numeric
40,Num. occurrences of 'ad',ad,numeric
41,Num. occurrences of 'adam',adam,numeric
42,Num. occurrences of 'adapt',adapt,numeric
43,Num. occurrences of 'add',add,numeric
44,Num. occurrences of 'addit',addit,numeric
45,Num. occurrences of 'address',address,numeric
46,Num. occurrences of 'adject',adject,numeric
47,Num. occurrences of 'administr',administr,numeric
48,Num. occurrences of 'adopt',adopt,numeric
49,Num. occurrences of 'adult',adult,numeric
50,Num. occurrences of 'advanc',advanc,numeric
51,Num. occurrences of 'advantag',advantag,numeric
52,Num. occurrences of 'adverb',adverb,numeric
53,Num. occurrences of 'advertis',advertis,numeric
54,Num. occurrences of 'affect',affect,numeric
55,Num. occurrences of 'affili',affili,numeric
56,Num. occurrences of 'affix',affix,numeric
57,Num. occurrences of 'afford',afford,numeric
58,Num. occurrences of 'africa',africa,numeric
59,Num. occurrences of 'african',african,numeric
60,Num. occurrences of 'afternoon',afternoon,numeric
61,Num. occurrences of 'age',age,numeric
62,Num. occurrences of 'agenc',agenc,numeric
63,Num. occurrences of 'agent',agent,numeric
64,Num. occurrences of 'ago',ago,numeric
65,Num. occurrences of 'agre',agre,numeric
66,Num. occurrences of 'agreement',agreement,numeric
67,Num. occurrences of 'ai',ai,numeric
68,Num. occurrences of 'aid',aid,numeric
69,Num. occurrences of 'aim',aim,numeric
70,Num. occurrences of 'air',air,numeric
71,Num. occurrences of 'airport',airport,numeric
72,Num. occurrences of 'aisb',aisb,numeric
73,Num. occurrences of 'al',al,numeric
74,Num. occurrences of 'alan',alan,numeric
75,Num. occurrences of 'algorithm',algorithm,numeric
76,Num. occurrences of 'allow',allow,numeric
77,Num. occurrences of 'almost',almost,numeric
78,Num. occurrences of 'alon',alon,numeric
79,Num. occurrences of 'along',along,numeric
80,Num. occurrences of 'alreadi',alreadi,numeric
81,Num. occurrences of 'also',also,numeric
82,Num. occurrences of 'alter',alter,numeric
83,Num. occurrences of 'altern',altern,numeric
84,Num. occurrences of 'although',although,numeric
85,Num. occurrences of 'alway',alway,numeric
86,Num. occurrences of 'amaz',amaz,numeric
87,Num. occurrences of 'ambigu',ambigu,numeric
88,Num. occurrences of 'america',america,numeric
89,Num. occurrences of 'american',american,numeric
90,Num. occurrences of 'among',among,numeric
91,Num. occurrences of 'amount',amount,numeric
92,Num. occurrences of 'amsterdam',amsterdam,numeric
93,Num. occurrences of 'analog',analog,numeric
94,Num. occurrences of 'analys',analys,numeric
95,Num. occurrences of 'analysi',analysi,numeric
96,Num. occurrences of 'analyz',analyz,numeric
97,Num. occurrences of 'anaphor',anaphor,numeric
98,Num. occurrences of 'anaphora',anaphora,numeric
99,Num. occurrences of 'ancient',ancient,numeric
100,Num. occurrences of 'anderson',anderson,numeric
101,Num. occurrences of 'andrew',andrew,numeric
102,Num. occurrences of 'angel',angel,numeric
103,Num. occurrences of 'ani',ani,numeric
104,Num. occurrences of 'anim',anim,numeric
105,Num. occurrences of 'ann',ann,numeric
106,Num. occurrences of 'anna',anna,numeric
107,Num. occurrences of 'annot',annot,numeric
108,Num. occurrences of 'announc',announc,numeric
109,Num. occurrences of 'annual',annual,numeric
110,Num. occurrences of 'anonym',anonym,numeric
111,Num. occurrences of 'anoth',anoth,numeric
112,Num. occurrences of 'answer',answer,numeric
113,Num. occurrences of 'anthropolog',anthropolog,numeric
114,Num. occurrences of 'anu',anu,numeric
115,Num. occurrences of 'anybodi',anybodi,numeric
116,Num. occurrences of 'anyon',anyon,numeric
117,Num. occurrences of 'anyth',anyth,numeric
118,Num. occurrences of 'anywher',anywher,numeric
119,Num. occurrences of 'aol',aol,numeric
120,Num. occurrences of 'apolog',apolog,numeric
121,Num. occurrences of 'appar',appar,numeric
122,Num. occurrences of 'appear',appear,numeric
123,Num. occurrences of 'appli',appli,numeric
124,Num. occurrences of 'applic',applic,numeric
125,Num. occurrences of 'appoint',appoint,numeric
126,Num. occurrences of 'appreci',appreci,numeric
127,Num. occurrences of 'approach',approach,numeric
128,Num. occurrences of 'appropri',appropri,numeric
129,Num. occurrences of 'approx',approx,numeric
130,Num. occurrences of 'approxim',approxim,numeric
131,Num. occurrences of 'april',april,numeric
132,Num. occurrences of 'arab',arab,numeric
133,Num. occurrences of 'architectur',architectur,numeric
134,Num. occurrences of 'area',area,numeric
135,Num. occurrences of 'argu',argu,numeric
136,Num. occurrences of 'argument',argument,numeric
137,Num. occurrences of 'aris',aris,numeric
138,Num. occurrences of 'arizona',arizona,numeric
139,Num. occurrences of 'arnold',arnold,numeric
140,Num. occurrences of 'around',around,numeric
141,Num. occurrences of 'arrang',arrang,numeric
142,Num. occurrences of 'arriv',arriv,numeric
143,Num. occurrences of 'art',art,numeric
144,Num. occurrences of 'articl',articl,numeric
145,Num. occurrences of 'articul',articul,numeric
146,Num. occurrences of 'artifici',artifici,numeric
147,Num. occurrences of 'ascii',ascii,numeric
148,Num. occurrences of 'asia',asia,numeric
149,Num. occurrences of 'asian',asian,numeric
150,Num. occurrences of 'ask',ask,numeric
151,Num. occurrences of 'aspect',aspect,numeric
152,Num. occurrences of 'assess',assess,numeric
153,Num. occurrences of 'assign',assign,numeric
154,Num. occurrences of 'assist',assist,numeric
155,Num. occurrences of 'associ',associ,numeric
156,Num. occurrences of 'assum',assum,numeric
157,Num. occurrences of 'assumpt',assumpt,numeric
158,Num. occurrences of 'attach',attach,numeric
159,Num. occurrences of 'attempt',attempt,numeric
160,Num. occurrences of 'attend',attend,numeric
161,Num. occurrences of 'attent',attent,numeric
162,Num. occurrences of 'attitud',attitud,numeric
163,Num. occurrences of 'attract',attract,numeric
164,Num. occurrences of 'attribut',attribut,numeric
165,Num. occurrences of 'au',au,numeric
166,Num. occurrences of 'audienc',audienc,numeric
167,Num. occurrences of 'audio',audio,numeric
168,Num. occurrences of 'august',august,numeric
169,Num. occurrences of 'austin',austin,numeric
170,Num. occurrences of 'australia',australia,numeric
171,Num. occurrences of 'australian',australian,numeric
172,Num. occurrences of 'author',author,numeric
173,Num. occurrences of 'autom',autom,numeric
174,Num. occurrences of 'automat',automat,numeric
175,Num. occurrences of 'avail',avail,numeric
176,Num. occurrences of 'ave',ave,numeric
177,Num. occurrences of 'avenu',avenu,numeric
178,Num. occurrences of 'avoid',avoid,numeric
179,Num. occurrences of 'awar',awar,numeric
180,Num. occurrences of 'award',award,numeric
181,Num. occurrences of 'away',away,numeric
182,Num. occurrences of 'back',back,numeric
183,Num. occurrences of 'background',background,numeric
184,Num. occurrences of 'bad',bad,numeric
185,Num. occurrences of 'bank',bank,numeric
186,Num. occurrences of 'bar',bar,numeric
187,Num. occurrences of 'barbara',barbara,numeric
188,Num. occurrences of 'barcelona',barcelona,numeric
189,Num. occurrences of 'base',base,numeric
190,Num. occurrences of 'basi',basi,numeric
191,Num. occurrences of 'basic',basic,numeric
192,Num. occurrences of 'basqu',basqu,numeric
193,Num. occurrences of 'beach',beach,numeric
194,Num. occurrences of 'bear',bear,numeric
195,Num. occurrences of 'beauti',beauti,numeric
196,Num. occurrences of 'becaus',becaus,numeric
197,Num. occurrences of 'becom',becom,numeric
198,Num. occurrences of 'befor',befor,numeric
199,Num. occurrences of 'begin',begin,numeric
200,Num. occurrences of 'behavior',behavior,numeric
201,Num. occurrences of 'belgium',belgium,numeric
202,Num. occurrences of 'belief',belief,numeric
203,Num. occurrences of 'believ',believ,numeric
204,Num. occurrences of 'bell',bell,numeric
205,Num. occurrences of 'benefit',benefit,numeric
206,Num. occurrences of 'benjamin',benjamin,numeric
207,Num. occurrences of 'berkeley',berkeley,numeric
208,Num. occurrences of 'berlin',berlin,numeric
209,Num. occurrences of 'bernard',bernard,numeric
210,Num. occurrences of 'best',best,numeric
211,Num. occurrences of 'better',better,numeric
212,Num. occurrences of 'beyond',beyond,numeric
213,Num. occurrences of 'bibliographi',bibliographi,numeric
214,Num. occurrences of 'big',big,numeric
215,Num. occurrences of 'bilingu',bilingu,numeric
216,Num. occurrences of 'bill',bill,numeric
217,Num. occurrences of 'bind',bind,numeric
218,Num. occurrences of 'biolog',biolog,numeric
219,Num. occurrences of 'birmingham',birmingham,numeric
220,Num. occurrences of 'bit',bit,numeric
221,Num. occurrences of 'bitnet',bitnet,numeric
222,Num. occurrences of 'black',black,numeric
223,Num. occurrences of 'blackwel',blackwel,numeric
224,Num. occurrences of 'block',block,numeric
225,Num. occurrences of 'board',board,numeric
226,Num. occurrences of 'bodi',bodi,numeric
227,Num. occurrences of 'bonu',bonu,numeric
228,Num. occurrences of 'book',book,numeric
229,Num. occurrences of 'borrow',borrow,numeric
230,Num. occurrences of 'boston',boston,numeric
231,Num. occurrences of 'bottom',bottom,numeric
232,Num. occurrences of 'boundari',boundari,numeric
233,Num. occurrences of 'box',box,numeric
234,Num. occurrences of 'branch',branch,numeric
235,Num. occurrences of 'break',break,numeric
236,Num. occurrences of 'breakfast',breakfast,numeric
237,Num. occurrences of 'brian',brian,numeric
238,Num. occurrences of 'brief',brief,numeric
239,Num. occurrences of 'brighton',brighton,numeric
240,Num. occurrences of 'bring',bring,numeric
241,Num. occurrences of 'britain',britain,numeric
242,Num. occurrences of 'british',british,numeric
243,Num. occurrences of 'broad',broad,numeric
244,Num. occurrences of 'brought',brought,numeric
245,Num. occurrences of 'brown',brown,numeric
246,Num. occurrences of 'bruce',bruce,numeric
247,Num. occurrences of 'bu',bu,numeric
248,Num. occurrences of 'build',build,numeric
249,Num. occurrences of 'bulk',bulk,numeric
250,Num. occurrences of 'busi',busi,numeric
251,Num. occurrences of 'buy',buy,numeric
252,Num. occurrences of 'ca',ca,numeric
253,Num. occurrences of 'california',california,numeric
254,Num. occurrences of 'call',call,numeric
255,Num. occurrences of 'cambridg',cambridg,numeric
256,Num. occurrences of 'came',came,numeric
257,Num. occurrences of 'camera',camera,numeric
258,Num. occurrences of 'camerareadi',camerareadi,numeric
259,Num. occurrences of 'campu',campu,numeric
260,Num. occurrences of 'canada',canada,numeric
261,Num. occurrences of 'canadian',canadian,numeric
262,Num. occurrences of 'candid',candid,numeric
263,Num. occurrences of 'cant',cant,numeric
264,Num. occurrences of 'capabl',capabl,numeric
265,Num. occurrences of 'capit',capit,numeric
266,Num. occurrences of 'capitalfm',capitalfm,numeric
267,Num. occurrences of 'car',car,numeric
268,Num. occurrences of 'card',card,numeric
269,Num. occurrences of 'care',care,numeric
270,Num. occurrences of 'carnegi',carnegi,numeric
271,Num. occurrences of 'carri',carri,numeric
272,Num. occurrences of 'case',case,numeric
273,Num. occurrences of 'cash',cash,numeric
274,Num. occurrences of 'catalogu',catalogu,numeric
275,Num. occurrences of 'categori',categori,numeric
276,Num. occurrences of 'caus',caus,numeric
277,Num. occurrences of 'cc',cc,numeric
278,Num. occurrences of 'cd',cd,numeric
279,Num. occurrences of 'cdrom',cdrom,numeric
280,Num. occurrences of 'ce',ce,numeric
281,Num. occurrences of 'celebr',celebr,numeric
282,Num. occurrences of 'center',center,numeric
283,Num. occurrences of 'centr',centr,numeric
284,Num. occurrences of 'central',central,numeric
285,Num. occurrences of 'centuri',centuri,numeric
286,Num. occurrences of 'certain',certain,numeric
287,Num. occurrences of 'certainli',certainli,numeric
288,Num. occurrences of 'cf',cf,numeric
289,Num. occurrences of 'ch',ch,numeric
290,Num. occurrences of 'chain',chain,numeric
291,Num. occurrences of 'chair',chair,numeric
292,Num. occurrences of 'challeng',challeng,numeric
293,Num. occurrences of 'chanc',chanc,numeric
294,Num. occurrences of 'chang',chang,numeric
295,Num. occurrences of 'chapter',chapter,numeric
296,Num. occurrences of 'charact',charact,numeric
297,Num. occurrences of 'character',character,numeric
298,Num. occurrences of 'characterist',characterist,numeric
299,Num. occurrences of 'charg',charg,numeric
300,Num. occurrences of 'charl',charl,numeric
301,Num. occurrences of 'check',check,numeric
302,Num. occurrences of 'cheng',cheng,numeric
303,Num. occurrences of 'chequ',chequ,numeric
304,Num. occurrences of 'chicago',chicago,numeric
305,Num. occurrences of 'child',child,numeric
306,Num. occurrences of 'children',children,numeric
307,Num. occurrences of 'china',china,numeric
308,Num. occurrences of 'chines',chines,numeric
309,Num. occurrences of 'choic',choic,numeric
310,Num. occurrences of 'chomski',chomski,numeric
311,Num. occurrences of 'choos',choos,numeric
312,Num. occurrences of 'chri',chri,numeric
313,Num. occurrences of 'christian',christian,numeric
314,Num. occurrences of 'christoph',christoph,numeric
315,Num. occurrences of 'ci',ci,numeric
316,Num. occurrences of 'circular',circular,numeric
317,Num. occurrences of 'citat',citat,numeric
318,Num. occurrences of 'cite',cite,numeric
319,Num. occurrences of 'citi',citi,numeric
320,Num. occurrences of 'cl',cl,numeric
321,Num. occurrences of 'claim',claim,numeric
322,Num. occurrences of 'class',class,numeric
323,Num. occurrences of 'classic',classic,numeric
324,Num. occurrences of 'classif',classif,numeric
325,Num. occurrences of 'classifi',classifi,numeric
326,Num. occurrences of 'classroom',classroom,numeric
327,Num. occurrences of 'claus',claus,numeric
328,Num. occurrences of 'clear',clear,numeric
329,Num. occurrences of 'clearli',clearli,numeric
330,Num. occurrences of 'click',click,numeric
331,Num. occurrences of 'clitic',clitic,numeric
332,Num. occurrences of 'close',close,numeric
333,Num. occurrences of 'cloth',cloth,numeric
334,Num. occurrences of 'club',club,numeric
335,Num. occurrences of 'cluster',cluster,numeric
336,Num. occurrences of 'cm',cm,numeric
337,Num. occurrences of 'cnr',cnr,numeric
338,Num. occurrences of 'co',co,numeric
339,Num. occurrences of 'code',code,numeric
340,Num. occurrences of 'coffe',coffe,numeric
341,Num. occurrences of 'cog',cog,numeric
342,Num. occurrences of 'cognit',cognit,numeric
343,Num. occurrences of 'cogsci',cogsci,numeric
344,Num. occurrences of 'cole',cole,numeric
345,Num. occurrences of 'collabor',collabor,numeric
346,Num. occurrences of 'colleagu',colleagu,numeric
347,Num. occurrences of 'collect',collect,numeric
348,Num. occurrences of 'colleg',colleg,numeric
349,Num. occurrences of 'colloquium',colloquium,numeric
350,Num. occurrences of 'color',color,numeric
351,Num. occurrences of 'columbia',columbia,numeric
352,Num. occurrences of 'com',com,numeric
353,Num. occurrences of 'combin',combin,numeric
354,Num. occurrences of 'come',come,numeric
355,Num. occurrences of 'command',command,numeric
356,Num. occurrences of 'comment',comment,numeric
357,Num. occurrences of 'commerci',commerci,numeric
358,Num. occurrences of 'committe',committe,numeric
359,Num. occurrences of 'common',common,numeric
360,Num. occurrences of 'commun',commun,numeric
361,Num. occurrences of 'compani',compani,numeric
362,Num. occurrences of 'compar',compar,numeric
363,Num. occurrences of 'comparison',comparison,numeric
364,Num. occurrences of 'compat',compat,numeric
365,Num. occurrences of 'compet',compet,numeric
366,Num. occurrences of 'competit',competit,numeric
367,Num. occurrences of 'compil',compil,numeric
368,Num. occurrences of 'complement',complement,numeric
369,Num. occurrences of 'complet',complet,numeric
370,Num. occurrences of 'complex',complex,numeric
371,Num. occurrences of 'compon',compon,numeric
372,Num. occurrences of 'composit',composit,numeric
373,Num. occurrences of 'compound',compound,numeric
374,Num. occurrences of 'comprehens',comprehens,numeric
375,Num. occurrences of 'compuserv',compuserv,numeric
376,Num. occurrences of 'comput',comput,numeric
377,Num. occurrences of 'concept',concept,numeric
378,Num. occurrences of 'conceptu',conceptu,numeric
379,Num. occurrences of 'concern',concern,numeric
380,Num. occurrences of 'conclud',conclud,numeric
381,Num. occurrences of 'conclus',conclus,numeric
382,Num. occurrences of 'condit',condit,numeric
383,Num. occurrences of 'confer',confer,numeric
384,Num. occurrences of 'confirm',confirm,numeric
385,Num. occurrences of 'conflict',conflict,numeric
386,Num. occurrences of 'congress',congress,numeric
387,Num. occurrences of 'conjunct',conjunct,numeric
388,Num. occurrences of 'connect',connect,numeric
389,Num. occurrences of 'consequ',consequ,numeric
390,Num. occurrences of 'consid',consid,numeric
391,Num. occurrences of 'consider',consider,numeric
392,Num. occurrences of 'consist',consist,numeric
393,Num. occurrences of 'conson',conson,numeric
394,Num. occurrences of 'constitu',constitu,numeric
395,Num. occurrences of 'constitut',constitut,numeric
396,Num. occurrences of 'constraint',constraint,numeric
397,Num. occurrences of 'construct',construct,numeric
398,Num. occurrences of 'consult',consult,numeric
399,Num. occurrences of 'contact',contact,numeric
400,Num. occurrences of 'contain',contain,numeric
401,Num. occurrences of 'contemporari',contemporari,numeric
402,Num. occurrences of 'content',content,numeric
403,Num. occurrences of 'context',context,numeric
404,Num. occurrences of 'continu',continu,numeric
405,Num. occurrences of 'contrast',contrast,numeric
406,Num. occurrences of 'contribut',contribut,numeric
407,Num. occurrences of 'contributor',contributor,numeric
408,Num. occurrences of 'control',control,numeric
409,Num. occurrences of 'convent',convent,numeric
410,Num. occurrences of 'convers',convers,numeric
411,Num. occurrences of 'cooper',cooper,numeric
412,Num. occurrences of 'coordin',coordin,numeric
413,Num. occurrences of 'copi',copi,numeric
414,Num. occurrences of 'cornel',cornel,numeric
415,Num. occurrences of 'corpor',corpor,numeric
416,Num. occurrences of 'corpora',corpora,numeric
417,Num. occurrences of 'corpu',corpu,numeric
418,Num. occurrences of 'correct',correct,numeric
419,Num. occurrences of 'correl',correl,numeric
420,Num. occurrences of 'correspond',correspond,numeric
421,Num. occurrences of 'cost',cost,numeric
422,Num. occurrences of 'could',could,numeric
423,Num. occurrences of 'count',count,numeric
424,Num. occurrences of 'countri',countri,numeric
425,Num. occurrences of 'coupl',coupl,numeric
426,Num. occurrences of 'cours',cours,numeric
427,Num. occurrences of 'court',court,numeric
428,Num. occurrences of 'cover',cover,numeric
429,Num. occurrences of 'creat',creat,numeric
430,Num. occurrences of 'credit',credit,numeric
431,Num. occurrences of 'creol',creol,numeric
432,Num. occurrences of 'criteria',criteria,numeric
433,Num. occurrences of 'critic',critic,numeric
434,Num. occurrences of 'cross',cross,numeric
435,Num. occurrences of 'crosslinguist',crosslinguist,numeric
436,Num. occurrences of 'crucial',crucial,numeric
437,Num. occurrences of 'cs',cs,numeric
438,Num. occurrences of 'cultur',cultur,numeric
439,Num. occurrences of 'cuni',cuni,numeric
440,Num. occurrences of 'currenc',currenc,numeric
441,Num. occurrences of 'current',current,numeric
442,Num. occurrences of 'curriculum',curriculum,numeric
443,Num. occurrences of 'custom',custom,numeric
444,Num. occurrences of 'cut',cut,numeric
445,Num. occurrences of 'cv',cv,numeric
446,Num. occurrences of 'czech',czech,numeric
447,Num. occurrences of 'da',da,numeric
448,Num. occurrences of 'daili',daili,numeric
449,Num. occurrences of 'dan',dan,numeric
450,Num. occurrences of 'daniel',daniel,numeric
451,Num. occurrences of 'data',data,numeric
452,Num. occurrences of 'databas',databas,numeric
453,Num. occurrences of 'date',date,numeric
454,Num. occurrences of 'davi',davi,numeric
455,Num. occurrences of 'david',david,numeric
456,Num. occurrences of 'day',day,numeric
457,Num. occurrences of 'dc',dc,numeric
458,Num. occurrences of 'de',de,numeric
459,Num. occurrences of 'deadlin',deadlin,numeric
460,Num. occurrences of 'deaf',deaf,numeric
461,Num. occurrences of 'deal',deal,numeric
462,Num. occurrences of 'dear',dear,numeric
463,Num. occurrences of 'debat',debat,numeric
464,Num. occurrences of 'deborah',deborah,numeric
465,Num. occurrences of 'debt',debt,numeric
466,Num. occurrences of 'decemb',decemb,numeric
467,Num. occurrences of 'decid',decid,numeric
468,Num. occurrences of 'decis',decis,numeric
469,Num. occurrences of 'deduct',deduct,numeric
470,Num. occurrences of 'defin',defin,numeric
471,Num. occurrences of 'definit',definit,numeric
472,Num. occurrences of 'degre',degre,numeric
473,Num. occurrences of 'degruyt',degruyt,numeric
474,Num. occurrences of 'del',del,numeric
475,Num. occurrences of 'delet',delet,numeric
476,Num. occurrences of 'deliv',deliv,numeric
477,Num. occurrences of 'deliveri',deliveri,numeric
478,Num. occurrences of 'demand',demand,numeric
479,Num. occurrences of 'demo',demo,numeric
480,Num. occurrences of 'demonstr',demonstr,numeric
481,Num. occurrences of 'den',den,numeric
482,Num. occurrences of 'depart',depart,numeric
483,Num. occurrences of 'depend',depend,numeric
484,Num. occurrences of 'dept',dept,numeric
485,Num. occurrences of 'der',der,numeric
486,Num. occurrences of 'deriv',deriv,numeric
487,Num. occurrences of 'describ',describ,numeric
488,Num. occurrences of 'descript',descript,numeric
489,Num. occurrences of 'design',design,numeric
490,Num. occurrences of 'desir',desir,numeric
491,Num. occurrences of 'detail',detail,numeric
492,Num. occurrences of 'determin',determin,numeric
493,Num. occurrences of 'develop',develop,numeric
494,Num. occurrences of 'devot',devot,numeric
495,Num. occurrences of 'dfki',dfki,numeric
496,Num. occurrences of 'dfl',dfl,numeric
497,Num. occurrences of 'di',di,numeric
498,Num. occurrences of 'diachron',diachron,numeric
499,Num. occurrences of 'diagram',diagram,numeric
500,Num. occurrences of 'dialect',dialect,numeric
501,Num. occurrences of 'dialogu',dialogu,numeric
502,Num. occurrences of 'dictionari',dictionari,numeric
503,Num. occurrences of 'die',die,numeric
504,Num. occurrences of 'diego',diego,numeric
505,Num. occurrences of 'differ',differ,numeric
506,Num. occurrences of 'difficult',difficult,numeric
507,Num. occurrences of 'digit',digit,numeric
508,Num. occurrences of 'dinner',dinner,numeric
509,Num. occurrences of 'direct',direct,numeric
510,Num. occurrences of 'directli',directli,numeric
511,Num. occurrences of 'director',director,numeric
512,Num. occurrences of 'directori',directori,numeric
513,Num. occurrences of 'disciplin',disciplin,numeric
514,Num. occurrences of 'discount',discount,numeric
515,Num. occurrences of 'discours',discours,numeric
516,Num. occurrences of 'discov',discov,numeric
517,Num. occurrences of 'discoveri',discoveri,numeric
518,Num. occurrences of 'discuss',discuss,numeric
519,Num. occurrences of 'disk',disk,numeric
520,Num. occurrences of 'display',display,numeric
521,Num. occurrences of 'dissert',dissert,numeric
522,Num. occurrences of 'distanc',distanc,numeric
523,Num. occurrences of 'distinct',distinct,numeric
524,Num. occurrences of 'distinguish',distinguish,numeric
525,Num. occurrences of 'distribut',distribut,numeric
526,Num. occurrences of 'divers',divers,numeric
527,Num. occurrences of 'divis',divis,numeric
528,Num. occurrences of 'dm',dm,numeric
529,Num. occurrences of 'doctor',doctor,numeric
530,Num. occurrences of 'document',document,numeric
531,Num. occurrences of 'doe',doe,numeric
532,Num. occurrences of 'dollar',dollar,numeric
533,Num. occurrences of 'domain',domain,numeric
534,Num. occurrences of 'domin',domin,numeric
535,Num. occurrences of 'done',done,numeric
536,Num. occurrences of 'doubl',doubl,numeric
537,Num. occurrences of 'doubt',doubt,numeric
538,Num. occurrences of 'download',download,numeric
539,Num. occurrences of 'dr',dr,numeric
540,Num. occurrences of 'draft',draft,numeric
541,Num. occurrences of 'draw',draw,numeric
542,Num. occurrences of 'dream',dream,numeric
543,Num. occurrences of 'drive',drive,numeric
544,Num. occurrences of 'drop',drop,numeric
545,Num. occurrences of 'du',du,numeric
546,Num. occurrences of 'due',due,numeric
547,Num. occurrences of 'duplic',duplic,numeric
548,Num. occurrences of 'dure',dure,numeric
549,Num. occurrences of 'dutch',dutch,numeric
550,Num. occurrences of 'dynam',dynam,numeric
551,Num. occurrences of 'earli',earli,numeric
552,Num. occurrences of 'earlier',earlier,numeric
553,Num. occurrences of 'earn',earn,numeric
554,Num. occurrences of 'easi',easi,numeric
555,Num. occurrences of 'easier',easier,numeric
556,Num. occurrences of 'easili',easili,numeric
557,Num. occurrences of 'east',east,numeric
558,Num. occurrences of 'eastern',eastern,numeric
559,Num. occurrences of 'ecai98',ecai98,numeric
560,Num. occurrences of 'econom',econom,numeric
561,Num. occurrences of 'economi',economi,numeric
562,Num. occurrences of 'ed',ed,numeric
563,Num. occurrences of 'edinburgh',edinburgh,numeric
564,Num. occurrences of 'edit',edit,numeric
565,Num. occurrences of 'editor',editor,numeric
566,Num. occurrences of 'editori',editori,numeric
567,Num. occurrences of 'edu',edu,numeric
568,Num. occurrences of 'educ',educ,numeric
569,Num. occurrences of 'edward',edward,numeric
570,Num. occurrences of 'effect',effect,numeric
571,Num. occurrences of 'effort',effort,numeric
572,Num. occurrences of 'ein',ein,numeric
573,Num. occurrences of 'either',either,numeric
574,Num. occurrences of 'el',el,numeric
575,Num. occurrences of 'electron',electron,numeric
576,Num. occurrences of 'element',element,numeric
577,Num. occurrences of 'elimin',elimin,numeric
578,Num. occurrences of 'elizabeth',elizabeth,numeric
579,Num. occurrences of 'elra',elra,numeric
580,Num. occurrences of 'els',els,numeric
581,Num. occurrences of 'elsewher',elsewher,numeric
582,Num. occurrences of 'email',email,numeric
583,Num. occurrences of 'embed',embed,numeric
584,Num. occurrences of 'emerg',emerg,numeric
585,Num. occurrences of 'emphasi',emphasi,numeric
586,Num. occurrences of 'empir',empir,numeric
587,Num. occurrences of 'employ',employ,numeric
588,Num. occurrences of 'en',en,numeric
589,Num. occurrences of 'enabl',enabl,numeric
590,Num. occurrences of 'enclos',enclos,numeric
591,Num. occurrences of 'encod',encod,numeric
592,Num. occurrences of 'encourag',encourag,numeric
593,Num. occurrences of 'end',end,numeric
594,Num. occurrences of 'endang',endang,numeric
595,Num. occurrences of 'engin',engin,numeric
596,Num. occurrences of 'england',england,numeric
597,Num. occurrences of 'english',english,numeric
598,Num. occurrences of 'enjoy',enjoy,numeric
599,Num. occurrences of 'enough',enough,numeric
600,Num. occurrences of 'enquiri',enquiri,numeric
601,Num. occurrences of 'enter',enter,numeric
602,Num. occurrences of 'enterpris',enterpris,numeric
603,Num. occurrences of 'entir',entir,numeric
604,Num. occurrences of 'entri',entri,numeric
605,Num. occurrences of 'envelop',envelop,numeric
606,Num. occurrences of 'environ',environ,numeric
607,Num. occurrences of 'equal',equal,numeric
608,Num. occurrences of 'equip',equip,numeric
609,Num. occurrences of 'equival',equival,numeric
610,Num. occurrences of 'eric',eric,numeric
611,Num. occurrences of 'error',error,numeric
612,Num. occurrences of 'es',es,numeric
613,Num. occurrences of 'eskimo',eskimo,numeric
614,Num. occurrences of 'especi',especi,numeric
615,Num. occurrences of 'essay',essay,numeric
616,Num. occurrences of 'essenti',essenti,numeric
617,Num. occurrences of 'essex',essex,numeric
618,Num. occurrences of 'esslli',esslli,numeric
619,Num. occurrences of 'est',est,numeric
620,Num. occurrences of 'establish',establish,numeric
621,Num. occurrences of 'et',et,numeric
622,Num. occurrences of 'etc',etc,numeric
623,Num. occurrences of 'ethnic',ethnic,numeric
624,Num. occurrences of 'europ',europ,numeric
625,Num. occurrences of 'european',european,numeric
626,Num. occurrences of 'evalu',evalu,numeric
627,Num. occurrences of 'even',even,numeric
628,Num. occurrences of 'event',event,numeric
629,Num. occurrences of 'ever',ever,numeric
630,Num. occurrences of 'everi',everi,numeric
631,Num. occurrences of 'everyon',everyon,numeric
632,Num. occurrences of 'everyth',everyth,numeric
633,Num. occurrences of 'evid',evid,numeric
634,Num. occurrences of 'evolut',evolut,numeric
635,Num. occurrences of 'evolutionari',evolutionari,numeric
636,Num. occurrences of 'exactli',exactli,numeric
637,Num. occurrences of 'examin',examin,numeric
638,Num. occurrences of 'exampl',exampl,numeric
639,Num. occurrences of 'exceed',exceed,numeric
640,Num. occurrences of 'excel',excel,numeric
641,Num. occurrences of 'except',except,numeric
642,Num. occurrences of 'exchang',exchang,numeric
643,Num. occurrences of 'excit',excit,numeric
644,Num. occurrences of 'exclud',exclud,numeric
645,Num. occurrences of 'exclus',exclus,numeric
646,Num. occurrences of 'exercis',exercis,numeric
647,Num. occurrences of 'exhibit',exhibit,numeric
648,Num. occurrences of 'exist',exist,numeric
649,Num. occurrences of 'expand',expand,numeric
650,Num. occurrences of 'expect',expect,numeric
651,Num. occurrences of 'expens',expens,numeric
652,Num. occurrences of 'experi',experi,numeric
653,Num. occurrences of 'experiment',experiment,numeric
654,Num. occurrences of 'expert',expert,numeric
655,Num. occurrences of 'explain',explain,numeric
656,Num. occurrences of 'explan',explan,numeric
657,Num. occurrences of 'explor',explor,numeric
658,Num. occurrences of 'express',express,numeric
659,Num. occurrences of 'ext',ext,numeric
660,Num. occurrences of 'extend',extend,numeric
661,Num. occurrences of 'extens',extens,numeric
662,Num. occurrences of 'extent',extent,numeric
663,Num. occurrences of 'extern',extern,numeric
664,Num. occurrences of 'extra',extra,numeric
665,Num. occurrences of 'extract',extract,numeric
666,Num. occurrences of 'extrem',extrem,numeric
667,Num. occurrences of 'eye',eye,numeric
668,Num. occurrences of 'face',face,numeric
669,Num. occurrences of 'facil',facil,numeric
670,Num. occurrences of 'facilit',facilit,numeric
671,Num. occurrences of 'fact',fact,numeric
672,Num. occurrences of 'factor',factor,numeric
673,Num. occurrences of 'faculti',faculti,numeric
674,Num. occurrences of 'fall',fall,numeric
675,Num. occurrences of 'famili',famili,numeric
676,Num. occurrences of 'familiar',familiar,numeric
677,Num. occurrences of 'far',far,numeric
678,Num. occurrences of 'fast',fast,numeric
679,Num. occurrences of 'faster',faster,numeric
680,Num. occurrences of 'fax',fax,numeric
681,Num. occurrences of 'featur',featur,numeric
682,Num. occurrences of 'februari',februari,numeric
683,Num. occurrences of 'feder',feder,numeric
684,Num. occurrences of 'fee',fee,numeric
685,Num. occurrences of 'feel',feel,numeric
686,Num. occurrences of 'fellow',fellow,numeric
687,Num. occurrences of 'feminin',feminin,numeric
688,Num. occurrences of 'ffa',ffa,numeric
689,Num. occurrences of 'fi',fi,numeric
690,Num. occurrences of 'field',field,numeric
691,Num. occurrences of 'figur',figur,numeric
692,Num. occurrences of 'file',file,numeric
693,Num. occurrences of 'fill',fill,numeric
694,Num. occurrences of 'filter',filter,numeric
695,Num. occurrences of 'final',final,numeric
696,Num. occurrences of 'financi',financi,numeric
697,Num. occurrences of 'find',find,numeric
698,Num. occurrences of 'finit',finit,numeric
699,Num. occurrences of 'finland',finland,numeric
700,Num. occurrences of 'finnish',finnish,numeric
701,Num. occurrences of 'first',first,numeric
702,Num. occurrences of 'fit',fit,numeric
703,Num. occurrences of 'five',five,numeric
704,Num. occurrences of 'floodgat',floodgat,numeric
705,Num. occurrences of 'florida',florida,numeric
706,Num. occurrences of 'focu',focu,numeric
707,Num. occurrences of 'focus',focus,numeric
708,Num. occurrences of 'follow',follow,numeric
709,Num. occurrences of 'font',font,numeric
710,Num. occurrences of 'forc',forc,numeric
711,Num. occurrences of 'foreign',foreign,numeric
712,Num. occurrences of 'form',form,numeric
713,Num. occurrences of 'formal',formal,numeric
714,Num. occurrences of 'format',format,numeric
715,Num. occurrences of 'fortun',fortun,numeric
716,Num. occurrences of 'forum',forum,numeric
717,Num. occurrences of 'forward',forward,numeric
718,Num. occurrences of 'found',found,numeric
719,Num. occurrences of 'foundat',foundat,numeric
720,Num. occurrences of 'four',four,numeric
721,Num. occurrences of 'fourth',fourth,numeric
722,Num. occurrences of 'fr',fr,numeric
723,Num. occurrences of 'frame',frame,numeric
724,Num. occurrences of 'framework',framework,numeric
725,Num. occurrences of 'franc',franc,numeric
726,Num. occurrences of 'frank',frank,numeric
727,Num. occurrences of 'free',free,numeric
728,Num. occurrences of 'freedom',freedom,numeric
729,Num. occurrences of 'french',french,numeric
730,Num. occurrences of 'frequenc',frequenc,numeric
731,Num. occurrences of 'frequent',frequent,numeric
732,Num. occurrences of 'fresh',fresh,numeric
733,Num. occurrences of 'friday',friday,numeric
734,Num. occurrences of 'friend',friend,numeric
735,Num. occurrences of 'front',front,numeric
736,Num. occurrences of 'ftp',ftp,numeric
737,Num. occurrences of 'fuer',fuer,numeric
738,Num. occurrences of 'full',full,numeric
739,Num. occurrences of 'fulli',fulli,numeric
740,Num. occurrences of 'fun',fun,numeric
741,Num. occurrences of 'function',function,numeric
742,Num. occurrences of 'fund',fund,numeric
743,Num. occurrences of 'fundament',fundament,numeric
744,Num. occurrences of 'futur',futur,numeric
745,Num. occurrences of 'gain',gain,numeric
746,Num. occurrences of 'game',game,numeric
747,Num. occurrences of 'gap',gap,numeric
748,Num. occurrences of 'gave',gave,numeric
749,Num. occurrences of 'gender',gender,numeric
750,Num. occurrences of 'gener',gener,numeric
751,Num. occurrences of 'genet',genet,numeric
752,Num. occurrences of 'geneva',geneva,numeric
753,Num. occurrences of 'genr',genr,numeric
754,Num. occurrences of 'geoffrey',geoffrey,numeric
755,Num. occurrences of 'georg',georg,numeric
756,Num. occurrences of 'georgetown',georgetown,numeric
757,Num. occurrences of 'german',german,numeric
758,Num. occurrences of 'germani',germani,numeric
759,Num. occurrences of 'gestur',gestur,numeric
760,Num. occurrences of 'get',get,numeric
761,Num. occurrences of 'gift',gift,numeric
762,Num. occurrences of 'girl',girl,numeric
763,Num. occurrences of 'give',give,numeric
764,Num. occurrences of 'given',given,numeric
765,Num. occurrences of 'global',global,numeric
766,Num. occurrences of 'go',go,numeric
767,Num. occurrences of 'goal',goal,numeric
768,Num. occurrences of 'goe',goe,numeric
769,Num. occurrences of 'good',good,numeric
770,Num. occurrences of 'got',got,numeric
771,Num. occurrences of 'govern',govern,numeric
772,Num. occurrences of 'gr',gr,numeric
773,Num. occurrences of 'graduat',graduat,numeric
774,Num. occurrences of 'grammar',grammar,numeric
775,Num. occurrences of 'grammat',grammat,numeric
776,Num. occurrences of 'grammatic',grammatic,numeric
777,Num. occurrences of 'granada',granada,numeric
778,Num. occurrences of 'grant',grant,numeric
779,Num. occurrences of 'graphic',graphic,numeric
780,Num. occurrences of 'grate',grate,numeric
781,Num. occurrences of 'great',great,numeric
782,Num. occurrences of 'greater',greater,numeric
783,Num. occurrences of 'greec',greec,numeric
784,Num. occurrences of 'greek',greek,numeric
785,Num. occurrences of 'greenberg',greenberg,numeric
786,Num. occurrences of 'grenobl',grenobl,numeric
787,Num. occurrences of 'groningen',groningen,numeric
788,Num. occurrences of 'ground',ground,numeric
789,Num. occurrences of 'group',group,numeric
790,Num. occurrences of 'grow',grow,numeric
791,Num. occurrences of 'gruyter',gruyter,numeric
792,Num. occurrences of 'guarante',guarante,numeric
793,Num. occurrences of 'guest',guest,numeric
794,Num. occurrences of 'guid',guid,numeric
795,Num. occurrences of 'guidelin',guidelin,numeric
796,Num. occurrences of 'guinea',guinea,numeric
797,Num. occurrences of 'guy',guy,numeric
798,Num. occurrences of 'ha',ha,numeric
799,Num. occurrences of 'half',half,numeric
800,Num. occurrences of 'hall',hall,numeric
801,Num. occurrences of 'han',han,numeric
802,Num. occurrences of 'hand',hand,numeric
803,Num. occurrences of 'handbook',handbook,numeric
804,Num. occurrences of 'handl',handl,numeric
805,Num. occurrences of 'happen',happen,numeric
806,Num. occurrences of 'happi',happi,numeric
807,Num. occurrences of 'hard',hard,numeric
808,Num. occurrences of 'hardcopi',hardcopi,numeric
809,Num. occurrences of 'harri',harri,numeric
810,Num. occurrences of 'harvard',harvard,numeric
811,Num. occurrences of 'hawaii',hawaii,numeric
812,Num. occurrences of 'hb',hb,numeric
813,Num. occurrences of 'head',head,numeric
814,Num. occurrences of 'hear',hear,numeric
815,Num. occurrences of 'heard',heard,numeric
816,Num. occurrences of 'hebrew',hebrew,numeric
817,Num. occurrences of 'held',held,numeric
818,Num. occurrences of 'hello',hello,numeric
819,Num. occurrences of 'help',help,numeric
820,Num. occurrences of 'helsinki',helsinki,numeric
821,Num. occurrences of 'henri',henri,numeric
822,Num. occurrences of 'hesit',hesit,numeric
823,Num. occurrences of 'hfl',hfl,numeric
824,Num. occurrences of 'hi',hi,numeric
825,Num. occurrences of 'high',high,numeric
826,Num. occurrences of 'higher',higher,numeric
827,Num. occurrences of 'highli',highli,numeric
828,Num. occurrences of 'highlight',highlight,numeric
829,Num. occurrences of 'hill',hill,numeric
830,Num. occurrences of 'histor',histor,numeric
831,Num. occurrences of 'histori',histori,numeric
832,Num. occurrences of 'hit',hit,numeric
833,Num. occurrences of 'hold',hold,numeric
834,Num. occurrences of 'holiday',holiday,numeric
835,Num. occurrences of 'holland',holland,numeric
836,Num. occurrences of 'home',home,numeric
837,Num. occurrences of 'homepag',homepag,numeric
838,Num. occurrences of 'hong',hong,numeric
839,Num. occurrences of 'hope',hope,numeric
840,Num. occurrences of 'host',host,numeric
841,Num. occurrences of 'hot',hot,numeric
842,Num. occurrences of 'hotel',hotel,numeric
843,Num. occurrences of 'hour',hour,numeric
844,Num. occurrences of 'hous',hous,numeric
845,Num. occurrences of 'howev',howev,numeric
846,Num. occurrences of 'htm',htm,numeric
847,Num. occurrences of 'html',html,numeric
848,Num. occurrences of 'http',http,numeric
849,Num. occurrences of 'huge',huge,numeric
850,Num. occurrences of 'human',human,numeric
851,Num. occurrences of 'humor',humor,numeric
852,Num. occurrences of 'hundr',hundr,numeric
853,Num. occurrences of 'hypothesi',hypothesi,numeric
854,Num. occurrences of 'ibm',ibm,numeric
855,Num. occurrences of 'iceland',iceland,numeric
856,Num. occurrences of 'id',id,numeric
857,Num. occurrences of 'ide',ide,numeric
858,Num. occurrences of 'idea',idea,numeric
859,Num. occurrences of 'ident',ident,numeric
860,Num. occurrences of 'identif',identif,numeric
861,Num. occurrences of 'identifi',identifi,numeric
862,Num. occurrences of 'ie',ie,numeric
863,Num. occurrences of 'ignor',ignor,numeric
864,Num. occurrences of 'ii',ii,numeric
865,Num. occurrences of 'iii',iii,numeric
866,Num. occurrences of 'il',il,numeric
867,Num. occurrences of 'illinoi',illinoi,numeric
868,Num. occurrences of 'illustr',illustr,numeric
869,Num. occurrences of 'im',im,numeric
870,Num. occurrences of 'imag',imag,numeric
871,Num. occurrences of 'imagin',imagin,numeric
872,Num. occurrences of 'immedi',immedi,numeric
873,Num. occurrences of 'implement',implement,numeric
874,Num. occurrences of 'impli',impli,numeric
875,Num. occurrences of 'implic',implic,numeric
876,Num. occurrences of 'import',import,numeric
877,Num. occurrences of 'imposs',imposs,numeric
878,Num. occurrences of 'improv',improv,numeric
879,Num. occurrences of 'inc',inc,numeric
880,Num. occurrences of 'includ',includ,numeric
881,Num. occurrences of 'incom',incom,numeric
882,Num. occurrences of 'incorpor',incorpor,numeric
883,Num. occurrences of 'increas',increas,numeric
884,Num. occurrences of 'inde',inde,numeric
885,Num. occurrences of 'indefinit',indefinit,numeric
886,Num. occurrences of 'independ',independ,numeric
887,Num. occurrences of 'index',index,numeric
888,Num. occurrences of 'india',india,numeric
889,Num. occurrences of 'indian',indian,numeric
890,Num. occurrences of 'indiana',indiana,numeric
891,Num. occurrences of 'indic',indic,numeric
892,Num. occurrences of 'indigen',indigen,numeric
893,Num. occurrences of 'individu',individu,numeric
894,Num. occurrences of 'indo',indo,numeric
895,Num. occurrences of 'induct',induct,numeric
896,Num. occurrences of 'industri',industri,numeric
897,Num. occurrences of 'infer',infer,numeric
898,Num. occurrences of 'inflect',inflect,numeric
899,Num. occurrences of 'influenc',influenc,numeric
900,Num. occurrences of 'info',info,numeric
901,Num. occurrences of 'inform',inform,numeric
902,Num. occurrences of 'informatik',informatik,numeric
903,Num. occurrences of 'initi',initi,numeric
904,Num. occurrences of 'innat',innat,numeric
905,Num. occurrences of 'innov',innov,numeric
906,Num. occurrences of 'input',input,numeric
907,Num. occurrences of 'inquiri',inquiri,numeric
908,Num. occurrences of 'insert',insert,numeric
909,Num. occurrences of 'insight',insight,numeric
910,Num. occurrences of 'instanc',instanc,numeric
911,Num. occurrences of 'instead',instead,numeric
912,Num. occurrences of 'institut',institut,numeric
913,Num. occurrences of 'instruct',instruct,numeric
914,Num. occurrences of 'integr',integr,numeric
915,Num. occurrences of 'intellig',intellig,numeric
916,Num. occurrences of 'intend',intend,numeric
917,Num. occurrences of 'intent',intent,numeric
918,Num. occurrences of 'interact',interact,numeric
919,Num. occurrences of 'intercultur',intercultur,numeric
920,Num. occurrences of 'interdisciplinari',interdisciplinari,numeric
921,Num. occurrences of 'interest',interest,numeric
922,Num. occurrences of 'interfac',interfac,numeric
923,Num. occurrences of 'intern',intern,numeric
924,Num. occurrences of 'internet',internet,numeric
925,Num. occurrences of 'interpret',interpret,numeric
926,Num. occurrences of 'interview',interview,numeric
927,Num. occurrences of 'inton',inton,numeric
928,Num. occurrences of 'introduc',introduc,numeric
929,Num. occurrences of 'introduct',introduct,numeric
930,Num. occurrences of 'introductori',introductori,numeric
931,Num. occurrences of 'intuit',intuit,numeric
932,Num. occurrences of 'invest',invest,numeric
933,Num. occurrences of 'investig',investig,numeric
934,Num. occurrences of 'invit',invit,numeric
935,Num. occurrences of 'involv',involv,numeric
936,Num. occurrences of 'ipa',ipa,numeric
937,Num. occurrences of 'isbn',isbn,numeric
938,Num. occurrences of 'island',island,numeric
939,Num. occurrences of 'israel',israel,numeric
940,Num. occurrences of 'issu',issu,numeric
941,Num. occurrences of 'itali',itali,numeric
942,Num. occurrences of 'italian',italian,numeric
943,Num. occurrences of 'item',item,numeric
944,Num. occurrences of 'iv',iv,numeric
945,Num. occurrences of 'jame',jame,numeric
946,Num. occurrences of 'jan',jan,numeric
947,Num. occurrences of 'jane',jane,numeric
948,Num. occurrences of 'januari',januari,numeric
949,Num. occurrences of 'japan',japan,numeric
950,Num. occurrences of 'japanes',japanes,numeric
951,Num. occurrences of 'jean',jean,numeric
952,Num. occurrences of 'job',job,numeric
953,Num. occurrences of 'john',john,numeric
954,Num. occurrences of 'join',join,numeric
955,Num. occurrences of 'joint',joint,numeric
956,Num. occurrences of 'jose',jose,numeric
957,Num. occurrences of 'joseph',joseph,numeric
958,Num. occurrences of 'journal',journal,numeric
959,Num. occurrences of 'jp',jp,numeric
960,Num. occurrences of 'judg',judg,numeric
961,Num. occurrences of 'judgment',judgment,numeric
962,Num. occurrences of 'juli',juli,numeric
963,Num. occurrences of 'june',june,numeric
964,Num. occurrences of 'jussieu',jussieu,numeric
965,Num. occurrences of 'karen',karen,numeric
966,Num. occurrences of 'keep',keep,numeric
967,Num. occurrences of 'ken',ken,numeric
968,Num. occurrences of 'key',key,numeric
969,Num. occurrences of 'keynot',keynot,numeric
970,Num. occurrences of 'keyword',keyword,numeric
971,Num. occurrences of 'kid',kid,numeric
972,Num. occurrences of 'kim',kim,numeric
973,Num. occurrences of 'kind',kind,numeric
974,Num. occurrences of 'king',king,numeric
975,Num. occurrences of 'kingdom',kingdom,numeric
976,Num. occurrences of 'kluwer',kluwer,numeric
977,Num. occurrences of 'know',know,numeric
978,Num. occurrences of 'knowledg',knowledg,numeric
979,Num. occurrences of 'known',known,numeric
980,Num. occurrences of 'kong',kong,numeric
981,Num. occurrences of 'korea',korea,numeric
982,Num. occurrences of 'korean',korean,numeric
983,Num. occurrences of 'l2',l2,numeric
984,Num. occurrences of 'la',la,numeric
985,Num. occurrences of 'lab',lab,numeric
986,Num. occurrences of 'label',label,numeric
987,Num. occurrences of 'laboratori',laboratori,numeric
988,Num. occurrences of 'lack',lack,numeric
989,Num. occurrences of 'lancast',lancast,numeric
990,Num. occurrences of 'lang',lang,numeric
991,Num. occurrences of 'langu',langu,numeric
992,Num. occurrences of 'languag',languag,numeric
993,Num. occurrences of 'larg',larg,numeric
994,Num. occurrences of 'larger',larger,numeric
995,Num. occurrences of 'larri',larri,numeric
996,Num. occurrences of 'last',last,numeric
997,Num. occurrences of 'late',late,numeric
998,Num. occurrences of 'later',later,numeric
999,Num. occurrences of 'latest',latest,numeric
1000,Num. occurrences of 'latex',latex,numeric
1001,Num. occurrences of 'latin',latin,numeric
1002,Num. occurrences of 'latter',latter,numeric
1003,Num. occurrences of 'law',law,numeric
1004,Num. occurrences of 'le',le,numeric
1005,Num. occurrences of 'lead',lead,numeric
1006,Num. occurrences of 'learn',learn,numeric
1007,Num. occurrences of 'learner',learner,numeric
1008,Num. occurrences of 'least',least,numeric
1009,Num. occurrences of 'leav',leav,numeric
1010,Num. occurrences of 'lectur',lectur,numeric
1011,Num. occurrences of 'lee',lee,numeric
1012,Num. occurrences of 'leed',leed,numeric
1013,Num. occurrences of 'left',left,numeric
1014,Num. occurrences of 'legal',legal,numeric
1015,Num. occurrences of 'legitim',legitim,numeric
1016,Num. occurrences of 'leiden',leiden,numeric
1017,Num. occurrences of 'length',length,numeric
1018,Num. occurrences of 'less',less,numeric
1019,Num. occurrences of 'let',let,numeric
1020,Num. occurrences of 'letter',letter,numeric
1021,Num. occurrences of 'leuven',leuven,numeric
1022,Num. occurrences of 'level',level,numeric
1023,Num. occurrences of 'lexic',lexic,numeric
1024,Num. occurrences of 'lexicon',lexicon,numeric
1025,Num. occurrences of 'li',li,numeric
1026,Num. occurrences of 'librari',librari,numeric
1027,Num. occurrences of 'licens',licens,numeric
1028,Num. occurrences of 'life',life,numeric
1029,Num. occurrences of 'light',light,numeric
1030,Num. occurrences of 'like',like,numeric
1031,Num. occurrences of 'limit',limit,numeric
1032,Num. occurrences of 'line',line,numeric
1033,Num. occurrences of 'ling',ling,numeric
1034,Num. occurrences of 'linguist',linguist,numeric
1035,Num. occurrences of 'linguistica',linguistica,numeric
1036,Num. occurrences of 'linguistiqu',linguistiqu,numeric
1037,Num. occurrences of 'link',link,numeric
1038,Num. occurrences of 'list',list,numeric
1039,Num. occurrences of 'listen',listen,numeric
1040,Num. occurrences of 'liter',liter,numeric
1041,Num. occurrences of 'literaci',literaci,numeric
1042,Num. occurrences of 'literari',literari,numeric
1043,Num. occurrences of 'literatur',literatur,numeric
1044,Num. occurrences of 'littl',littl,numeric
1045,Num. occurrences of 'live',live,numeric
1046,Num. occurrences of 'll',ll,numeric
1047,Num. occurrences of 'lo',lo,numeric
1048,Num. occurrences of 'loan',loan,numeric
1049,Num. occurrences of 'local',local,numeric
1050,Num. occurrences of 'locat',locat,numeric
1051,Num. occurrences of 'logic',logic,numeric
1052,Num. occurrences of 'london',london,numeric
1053,Num. occurrences of 'long',long,numeric
1054,Num. occurrences of 'longer',longer,numeric
1055,Num. occurrences of 'look',look,numeric
1056,Num. occurrences of 'lose',lose,numeric
1057,Num. occurrences of 'loss',loss,numeric
1058,Num. occurrences of 'lost',lost,numeric
1059,Num. occurrences of 'lot',lot,numeric
1060,Num. occurrences of 'love',love,numeric
1061,Num. occurrences of 'low',low,numeric
1062,Num. occurrences of 'lower',lower,numeric
1063,Num. occurrences of 'lrec',lrec,numeric
1064,Num. occurrences of 'lunch',lunch,numeric
1065,Num. occurrences of 'ma',ma,numeric
1066,Num. occurrences of 'mac',mac,numeric
1067,Num. occurrences of 'machin',machin,numeric
1068,Num. occurrences of 'made',made,numeric
1069,Num. occurrences of 'magazin',magazin,numeric
1070,Num. occurrences of 'mail',mail,numeric
1071,Num. occurrences of 'main',main,numeric
1072,Num. occurrences of 'maintain',maintain,numeric
1073,Num. occurrences of 'major',major,numeric
1074,Num. occurrences of 'make',make,numeric
1075,Num. occurrences of 'male',male,numeric
1076,Num. occurrences of 'man',man,numeric
1077,Num. occurrences of 'manag',manag,numeric
1078,Num. occurrences of 'manchest',manchest,numeric
1079,Num. occurrences of 'mandarin',mandarin,numeric
1080,Num. occurrences of 'mani',mani,numeric
1081,Num. occurrences of 'manual',manual,numeric
1082,Num. occurrences of 'manufactur',manufactur,numeric
1083,Num. occurrences of 'manuscript',manuscript,numeric
1084,Num. occurrences of 'map',map,numeric
1085,Num. occurrences of 'marc',marc,numeric
1086,Num. occurrences of 'march',march,numeric
1087,Num. occurrences of 'margin',margin,numeric
1088,Num. occurrences of 'mari',mari,numeric
1089,Num. occurrences of 'maria',maria,numeric
1090,Num. occurrences of 'mark',mark,numeric
1091,Num. occurrences of 'marker',marker,numeric
1092,Num. occurrences of 'market',market,numeric
1093,Num. occurrences of 'martin',martin,numeric
1094,Num. occurrences of 'maryland',maryland,numeric
1095,Num. occurrences of 'mass',mass,numeric
1096,Num. occurrences of 'massachusett',massachusett,numeric
1097,Num. occurrences of 'master',master,numeric
1098,Num. occurrences of 'mastercard',mastercard,numeric
1099,Num. occurrences of 'match',match,numeric
1100,Num. occurrences of 'materi',materi,numeric
1101,Num. occurrences of 'mathemat',mathemat,numeric
1102,Num. occurrences of 'matter',matter,numeric
1103,Num. occurrences of 'max',max,numeric
1104,Num. occurrences of 'maximum',maximum,numeric
1105,Num. occurrences of 'may',may,numeric
1106,Num. occurrences of 'mayb',mayb,numeric
1107,Num. occurrences of 'mean',mean,numeric
1108,Num. occurrences of 'measur',measur,numeric
1109,Num. occurrences of 'mechan',mechan,numeric
1110,Num. occurrences of 'media',media,numeric
1111,Num. occurrences of 'medic',medic,numeric
1112,Num. occurrences of 'meet',meet,numeric
1113,Num. occurrences of 'mellon',mellon,numeric
1114,Num. occurrences of 'member',member,numeric
1115,Num. occurrences of 'membership',membership,numeric
1116,Num. occurrences of 'memori',memori,numeric
1117,Num. occurrences of 'men',men,numeric
1118,Num. occurrences of 'mental',mental,numeric
1119,Num. occurrences of 'mention',mention,numeric
1120,Num. occurrences of 'mere',mere,numeric
1121,Num. occurrences of 'messag',messag,numeric
1122,Num. occurrences of 'metaphor',metaphor,numeric
1123,Num. occurrences of 'method',method,numeric
1124,Num. occurrences of 'methodolog',methodolog,numeric
1125,Num. occurrences of 'mexico',mexico,numeric
1126,Num. occurrences of 'mi',mi,numeric
1127,Num. occurrences of 'michael',michael,numeric
1128,Num. occurrences of 'michigan',michigan,numeric
1129,Num. occurrences of 'microsoft',microsoft,numeric
1130,Num. occurrences of 'mid',mid,numeric
1131,Num. occurrences of 'middl',middl,numeric
1132,Num. occurrences of 'might',might,numeric
1133,Num. occurrences of 'mill',mill,numeric
1134,Num. occurrences of 'million',million,numeric
1135,Num. occurrences of 'min',min,numeric
1136,Num. occurrences of 'mind',mind,numeric
1137,Num. occurrences of 'mine',mine,numeric
1138,Num. occurrences of 'minim',minim,numeric
1139,Num. occurrences of 'minimalist',minimalist,numeric
1140,Num. occurrences of 'minor',minor,numeric
1141,Num. occurrences of 'minut',minut,numeric
1142,Num. occurrences of 'miss',miss,numeric
1143,Num. occurrences of 'mit',mit,numeric
1144,Num. occurrences of 'mix',mix,numeric
1145,Num. occurrences of 'modal',modal,numeric
1146,Num. occurrences of 'mode',mode,numeric
1147,Num. occurrences of 'model',model,numeric
1148,Num. occurrences of 'modern',modern,numeric
1149,Num. occurrences of 'modifi',modifi,numeric
1150,Num. occurrences of 'moment',moment,numeric
1151,Num. occurrences of 'monday',monday,numeric
1152,Num. occurrences of 'money',money,numeric
1153,Num. occurrences of 'month',month,numeric
1154,Num. occurrences of 'monthli',monthli,numeric
1155,Num. occurrences of 'montreal',montreal,numeric
1156,Num. occurrences of 'morn',morn,numeric
1157,Num. occurrences of 'morphem',morphem,numeric
1158,Num. occurrences of 'morpholog',morpholog,numeric
1159,Num. occurrences of 'motiv',motiv,numeric
1160,Num. occurrences of 'mouton',mouton,numeric
1161,Num. occurrences of 'move',move,numeric
1162,Num. occurrences of 'movement',movement,numeric
1163,Num. occurrences of 'movi',movi,numeric
1164,Num. occurrences of 'mr',mr,numeric
1165,Num. occurrences of 'ms',ms,numeric
1166,Num. occurrences of 'mt',mt,numeric
1167,Num. occurrences of 'much',much,numeric
1168,Num. occurrences of 'multi',multi,numeric
1169,Num. occurrences of 'multilevel',multilevel,numeric
1170,Num. occurrences of 'multilingu',multilingu,numeric
1171,Num. occurrences of 'multimedia',multimedia,numeric
1172,Num. occurrences of 'multimod',multimod,numeric
1173,Num. occurrences of 'multipl',multipl,numeric
1174,Num. occurrences of 'music',music,numeric
1175,Num. occurrences of 'must',must,numeric
1176,Num. occurrences of 'name',name,numeric
1177,Num. occurrences of 'nanci',nanci,numeric
1178,Num. occurrences of 'narr',narr,numeric
1179,Num. occurrences of 'nation',nation,numeric
1180,Num. occurrences of 'nativ',nativ,numeric
1181,Num. occurrences of 'natur',natur,numeric
1182,Num. occurrences of 'nbsp',nbsp,numeric
1183,Num. occurrences of 'ne',ne,numeric
1184,Num. occurrences of 'near',near,numeric
1185,Num. occurrences of 'necessari',necessari,numeric
1186,Num. occurrences of 'need',need,numeric
1187,Num. occurrences of 'neg',neg,numeric
1188,Num. occurrences of 'negat',negat,numeric
1189,Num. occurrences of 'negoti',negoti,numeric
1190,Num. occurrences of 'net',net,numeric
1191,Num. occurrences of 'netherland',netherland,numeric
1192,Num. occurrences of 'network',network,numeric
1193,Num. occurrences of 'neural',neural,numeric
1194,Num. occurrences of 'never',never,numeric
1195,Num. occurrences of 'new',new,numeric
1196,Num. occurrences of 'news',news,numeric
1197,Num. occurrences of 'newslett',newslett,numeric
1198,Num. occurrences of 'newspap',newspap,numeric
1199,Num. occurrences of 'next',next,numeric
1200,Num. occurrences of 'nice',nice,numeric
1201,Num. occurrences of 'night',night,numeric
1202,Num. occurrences of 'nijmegen',nijmegen,numeric
1203,Num. occurrences of 'nj',nj,numeric
1204,Num. occurrences of 'nl',nl,numeric
1205,Num. occurrences of 'nlg',nlg,numeric
1206,Num. occurrences of 'nlp',nlp,numeric
1207,Num. occurrences of 'node',node,numeric
1208,Num. occurrences of 'nomin',nomin,numeric
1209,Num. occurrences of 'non',non,numeric
1210,Num. occurrences of 'normal',normal,numeric
1211,Num. occurrences of 'north',north,numeric
1212,Num. occurrences of 'northern',northern,numeric
1213,Num. occurrences of 'note',note,numeric
1214,Num. occurrences of 'noth',noth,numeric
1215,Num. occurrences of 'notic',notic,numeric
1216,Num. occurrences of 'notif',notif,numeric
1217,Num. occurrences of 'notifi',notifi,numeric
1218,Num. occurrences of 'notion',notion,numeric
1219,Num. occurrences of 'noun',noun,numeric
1220,Num. occurrences of 'novel',novel,numeric
1221,Num. occurrences of 'novemb',novemb,numeric
1222,Num. occurrences of 'np',np,numeric
1223,Num. occurrences of 'nt',nt,numeric
1224,Num. occurrences of 'number',number,numeric
1225,Num. occurrences of 'numer',numer,numeric
1226,Num. occurrences of 'ny',ny,numeric
1227,Num. occurrences of 'object',object,numeric
1228,Num. occurrences of 'observ',observ,numeric
1229,Num. occurrences of 'obtain',obtain,numeric
1230,Num. occurrences of 'obvious',obvious,numeric
1231,Num. occurrences of 'occur',occur,numeric
1232,Num. occurrences of 'octob',octob,numeric
1233,Num. occurrences of 'offer',offer,numeric
1234,Num. occurrences of 'offic',offic,numeric
1235,Num. occurrences of 'offici',offici,numeric
1236,Num. occurrences of 'offshor',offshor,numeric
1237,Num. occurrences of 'often',often,numeric
1238,Num. occurrences of 'ohio',ohio,numeric
1239,Num. occurrences of 'ok',ok,numeric
1240,Num. occurrences of 'old',old,numeric
1241,Num. occurrences of 'onc',onc,numeric
1242,Num. occurrences of 'one',one,numeric
1243,Num. occurrences of 'ongo',ongo,numeric
1244,Num. occurrences of 'onli',onli,numeric
1245,Num. occurrences of 'onlin',onlin,numeric
1246,Num. occurrences of 'open',open,numeric
1247,Num. occurrences of 'oper',oper,numeric
1248,Num. occurrences of 'opinion',opinion,numeric
1249,Num. occurrences of 'opportun',opportun,numeric
1250,Num. occurrences of 'opposit',opposit,numeric
1251,Num. occurrences of 'optim',optim,numeric
1252,Num. occurrences of 'option',option,numeric
1253,Num. occurrences of 'oral',oral,numeric
1254,Num. occurrences of 'order',order,numeric
1255,Num. occurrences of 'org',org,numeric
1256,Num. occurrences of 'organ',organ,numeric
1257,Num. occurrences of 'organis',organis,numeric
1258,Num. occurrences of 'orient',orient,numeric
1259,Num. occurrences of 'origin',origin,numeric
1260,Num. occurrences of 'ot',ot,numeric
1261,Num. occurrences of 'otherwis',otherwis,numeric
1262,Num. occurrences of 'ou',ou,numeric
1263,Num. occurrences of 'outlin',outlin,numeric
1264,Num. occurrences of 'outsid',outsid,numeric
1265,Num. occurrences of 'overt',overt,numeric
1266,Num. occurrences of 'overview',overview,numeric
1267,Num. occurrences of 'oxford',oxford,numeric
1268,Num. occurrences of 'pa',pa,numeric
1269,Num. occurrences of 'pacif',pacif,numeric
1270,Num. occurrences of 'packag',packag,numeric
1271,Num. occurrences of 'page',page,numeric
1272,Num. occurrences of 'paid',paid,numeric
1273,Num. occurrences of 'panel',panel,numeric
1274,Num. occurrences of 'paper',paper,numeric
1275,Num. occurrences of 'paperback',paperback,numeric
1276,Num. occurrences of 'par',par,numeric
1277,Num. occurrences of 'paradigm',paradigm,numeric
1278,Num. occurrences of 'parallel',parallel,numeric
1279,Num. occurrences of 'paramet',paramet,numeric
1280,Num. occurrences of 'pari',pari,numeric
1281,Num. occurrences of 'park',park,numeric
1282,Num. occurrences of 'pars',pars,numeric
1283,Num. occurrences of 'parser',parser,numeric
1284,Num. occurrences of 'part',part,numeric
1285,Num. occurrences of 'parti',parti,numeric
1286,Num. occurrences of 'partial',partial,numeric
1287,Num. occurrences of 'particip',particip,numeric
1288,Num. occurrences of 'particl',particl,numeric
1289,Num. occurrences of 'particular',particular,numeric
1290,Num. occurrences of 'particularli',particularli,numeric
1291,Num. occurrences of 'partner',partner,numeric
1292,Num. occurrences of 'pass',pass,numeric
1293,Num. occurrences of 'passiv',passiv,numeric
1294,Num. occurrences of 'past',past,numeric
1295,Num. occurrences of 'patrick',patrick,numeric
1296,Num. occurrences of 'pattern',pattern,numeric
1297,Num. occurrences of 'paul',paul,numeric
1298,Num. occurrences of 'pay',pay,numeric
1299,Num. occurrences of 'payabl',payabl,numeric
1300,Num. occurrences of 'payment',payment,numeric
1301,Num. occurrences of 'pb',pb,numeric
1302,Num. occurrences of 'pc',pc,numeric
1303,Num. occurrences of 'pennsylvania',pennsylvania,numeric
1304,Num. occurrences of 'peopl',peopl,numeric
1305,Num. occurrences of 'per',per,numeric
1306,Num. occurrences of 'perceiv',perceiv,numeric
1307,Num. occurrences of 'percept',percept,numeric
1308,Num. occurrences of 'perfect',perfect,numeric
1309,Num. occurrences of 'perfectli',perfectli,numeric
1310,Num. occurrences of 'perform',perform,numeric
1311,Num. occurrences of 'perhap',perhap,numeric
1312,Num. occurrences of 'period',period,numeric
1313,Num. occurrences of 'person',person,numeric
1314,Num. occurrences of 'perspect',perspect,numeric
1315,Num. occurrences of 'peseta',peseta,numeric
1316,Num. occurrences of 'peter',peter,numeric
1317,Num. occurrences of 'ph',ph,numeric
1318,Num. occurrences of 'phd',phd,numeric
1319,Num. occurrences of 'phenomena',phenomena,numeric
1320,Num. occurrences of 'phenomenon',phenomenon,numeric
1321,Num. occurrences of 'philadelphia',philadelphia,numeric
1322,Num. occurrences of 'philosoph',philosoph,numeric
1323,Num. occurrences of 'philosophi',philosophi,numeric
1324,Num. occurrences of 'phone',phone,numeric
1325,Num. occurrences of 'phonem',phonem,numeric
1326,Num. occurrences of 'phonet',phonet,numeric
1327,Num. occurrences of 'phonolog',phonolog,numeric
1328,Num. occurrences of 'phrase',phrase,numeric
1329,Num. occurrences of 'physic',physic,numeric
1330,Num. occurrences of 'pick',pick,numeric
1331,Num. occurrences of 'pictur',pictur,numeric
1332,Num. occurrences of 'pidgin',pidgin,numeric
1333,Num. occurrences of 'piec',piec,numeric
1334,Num. occurrences of 'pierr',pierr,numeric
1335,Num. occurrences of 'pittsburgh',pittsburgh,numeric
1336,Num. occurrences of 'pl',pl,numeric
1337,Num. occurrences of 'place',place,numeric
1338,Num. occurrences of 'plain',plain,numeric
1339,Num. occurrences of 'plan',plan,numeric
1340,Num. occurrences of 'play',play,numeric
1341,Num. occurrences of 'pleas',pleas,numeric
1342,Num. occurrences of 'plenari',plenari,numeric
1343,Num. occurrences of 'plu',plu,numeric
1344,Num. occurrences of 'plural',plural,numeric
1345,Num. occurrences of 'pm',pm,numeric
1346,Num. occurrences of 'po',po,numeric
1347,Num. occurrences of 'point',point,numeric
1348,Num. occurrences of 'polici',polici,numeric
1349,Num. occurrences of 'polish',polish,numeric
1350,Num. occurrences of 'polit',polit,numeric
1351,Num. occurrences of 'popul',popul,numeric
1352,Num. occurrences of 'popular',popular,numeric
1353,Num. occurrences of 'portugues',portugues,numeric
1354,Num. occurrences of 'posit',posit,numeric
1355,Num. occurrences of 'possess',possess,numeric
1356,Num. occurrences of 'possibl',possibl,numeric
1357,Num. occurrences of 'post',post,numeric
1358,Num. occurrences of 'postag',postag,numeric
1359,Num. occurrences of 'postal',postal,numeric
1360,Num. occurrences of 'poster',poster,numeric
1361,Num. occurrences of 'postfach',postfach,numeric
1362,Num. occurrences of 'postscript',postscript,numeric
1363,Num. occurrences of 'potenti',potenti,numeric
1364,Num. occurrences of 'pound',pound,numeric
1365,Num. occurrences of 'pour',pour,numeric
1366,Num. occurrences of 'power',power,numeric
1367,Num. occurrences of 'pp',pp,numeric
1368,Num. occurrences of 'practic',practic,numeric
1369,Num. occurrences of 'pragmat',pragmat,numeric
1370,Num. occurrences of 'pre',pre,numeric
1371,Num. occurrences of 'preced',preced,numeric
1372,Num. occurrences of 'predic',predic,numeric
1373,Num. occurrences of 'predict',predict,numeric
1374,Num. occurrences of 'prefer',prefer,numeric
1375,Num. occurrences of 'prefix',prefix,numeric
1376,Num. occurrences of 'preliminari',preliminari,numeric
1377,Num. occurrences of 'prepar',prepar,numeric
1378,Num. occurrences of 'preposit',preposit,numeric
1379,Num. occurrences of 'presenc',presenc,numeric
1380,Num. occurrences of 'present',present,numeric
1381,Num. occurrences of 'presid',presid,numeric
1382,Num. occurrences of 'press',press,numeric
1383,Num. occurrences of 'pretti',pretti,numeric
1384,Num. occurrences of 'previou',previou,numeric
1385,Num. occurrences of 'previous',previous,numeric
1386,Num. occurrences of 'price',price,numeric
1387,Num. occurrences of 'primari',primari,numeric
1388,Num. occurrences of 'primarili',primarili,numeric
1389,Num. occurrences of 'principl',principl,numeric
1390,Num. occurrences of 'print',print,numeric
1391,Num. occurrences of 'prior',prior,numeric
1392,Num. occurrences of 'privat',privat,numeric
1393,Num. occurrences of 'prize',prize,numeric
1394,Num. occurrences of 'probabl',probabl,numeric
1395,Num. occurrences of 'problem',problem,numeric
1396,Num. occurrences of 'procedur',procedur,numeric
1397,Num. occurrences of 'proceed',proceed,numeric
1398,Num. occurrences of 'process',process,numeric
1399,Num. occurrences of 'produc',produc,numeric
1400,Num. occurrences of 'product',product,numeric
1401,Num. occurrences of 'prof',prof,numeric
1402,Num. occurrences of 'profession',profession,numeric
1403,Num. occurrences of 'professor',professor,numeric
1404,Num. occurrences of 'profit',profit,numeric
1405,Num. occurrences of 'program',program,numeric
1406,Num. occurrences of 'programm',programm,numeric
1407,Num. occurrences of 'progress',progress,numeric
1408,Num. occurrences of 'project',project,numeric
1409,Num. occurrences of 'promis',promis,numeric
1410,Num. occurrences of 'promot',promot,numeric
1411,Num. occurrences of 'pronoun',pronoun,numeric
1412,Num. occurrences of 'pronounc',pronounc,numeric
1413,Num. occurrences of 'pronunci',pronunci,numeric
1414,Num. occurrences of 'proof',proof,numeric
1415,Num. occurrences of 'proper',proper,numeric
1416,Num. occurrences of 'properti',properti,numeric
1417,Num. occurrences of 'propos',propos,numeric
1418,Num. occurrences of 'prosod',prosod,numeric
1419,Num. occurrences of 'prosodi',prosodi,numeric
1420,Num. occurrences of 'prospect',prospect,numeric
1421,Num. occurrences of 'protect',protect,numeric
1422,Num. occurrences of 'proto',proto,numeric
1423,Num. occurrences of 'prove',prove,numeric
1424,Num. occurrences of 'proven',proven,numeric
1425,Num. occurrences of 'provid',provid,numeric
1426,Num. occurrences of 'psycholinguist',psycholinguist,numeric
1427,Num. occurrences of 'psycholog',psycholog,numeric
1428,Num. occurrences of 'pt',pt,numeric
1429,Num. occurrences of 'pub',pub,numeric
1430,Num. occurrences of 'public',public,numeric
1431,Num. occurrences of 'publish',publish,numeric
1432,Num. occurrences of 'purchas',purchas,numeric
1433,Num. occurrences of 'pure',pure,numeric
1434,Num. occurrences of 'purpos',purpos,numeric
1435,Num. occurrences of 'put',put,numeric
1436,Num. occurrences of 'qualif',qualif,numeric
1437,Num. occurrences of 'qualifi',qualifi,numeric
1438,Num. occurrences of 'qualiti',qualiti,numeric
1439,Num. occurrences of 'quantifi',quantifi,numeric
1440,Num. occurrences of 'quantit',quantit,numeric
1441,Num. occurrences of 'que',que,numeric
1442,Num. occurrences of 'queri',queri,numeric
1443,Num. occurrences of 'question',question,numeric
1444,Num. occurrences of 'qui',qui,numeric
1445,Num. occurrences of 'quick',quick,numeric
1446,Num. occurrences of 'quickli',quickli,numeric
1447,Num. occurrences of 'quit',quit,numeric
1448,Num. occurrences of 'quot',quot,numeric
1449,Num. occurrences of 'radio',radio,numeric
1450,Num. occurrences of 'rais',rais,numeric
1451,Num. occurrences of 'rang',rang,numeric
1452,Num. occurrences of 'rank',rank,numeric
1453,Num. occurrences of 'rate',rate,numeric
1454,Num. occurrences of 'rather',rather,numeric
1455,Num. occurrences of 're',re,numeric
1456,Num. occurrences of 'reach',reach,numeric
1457,Num. occurrences of 'read',read,numeric
1458,Num. occurrences of 'reader',reader,numeric
1459,Num. occurrences of 'readi',readi,numeric
1460,Num. occurrences of 'real',real,numeric
1461,Num. occurrences of 'realiti',realiti,numeric
1462,Num. occurrences of 'realiz',realiz,numeric
1463,Num. occurrences of 'realli',realli,numeric
1464,Num. occurrences of 'reason',reason,numeric
1465,Num. occurrences of 'receipt',receipt,numeric
1466,Num. occurrences of 'receiv',receiv,numeric
1467,Num. occurrences of 'recent',recent,numeric
1468,Num. occurrences of 'recept',recept,numeric
1469,Num. occurrences of 'recogn',recogn,numeric
1470,Num. occurrences of 'recognit',recognit,numeric
1471,Num. occurrences of 'recommend',recommend,numeric
1472,Num. occurrences of 'reconstruct',reconstruct,numeric
1473,Num. occurrences of 'record',record,numeric
1474,Num. occurrences of 'recruit',recruit,numeric
1475,Num. occurrences of 'reduc',reduc,numeric
1476,Num. occurrences of 'redupl',redupl,numeric
1477,Num. occurrences of 'refer',refer,numeric
1478,Num. occurrences of 'refere',refere,numeric
1479,Num. occurrences of 'reflect',reflect,numeric
1480,Num. occurrences of 'reflex',reflex,numeric
1481,Num. occurrences of 'refund',refund,numeric
1482,Num. occurrences of 'regard',regard,numeric
1483,Num. occurrences of 'region',region,numeric
1484,Num. occurrences of 'regist',regist,numeric
1485,Num. occurrences of 'registr',registr,numeric
1486,Num. occurrences of 'regular',regular,numeric
1487,Num. occurrences of 'reject',reject,numeric
1488,Num. occurrences of 'rel',rel,numeric
1489,Num. occurrences of 'relat',relat,numeric
1490,Num. occurrences of 'relationship',relationship,numeric
1491,Num. occurrences of 'releas',releas,numeric
1492,Num. occurrences of 'relev',relev,numeric
1493,Num. occurrences of 'remain',remain,numeric
1494,Num. occurrences of 'remark',remark,numeric
1495,Num. occurrences of 'rememb',rememb,numeric
1496,Num. occurrences of 'remind',remind,numeric
1497,Num. occurrences of 'remov',remov,numeric
1498,Num. occurrences of 'ren',ren,numeric
1499,Num. occurrences of 'replac',replac,numeric
1500,Num. occurrences of 'repli',repli,numeric
1501,Num. occurrences of 'report',report,numeric
1502,Num. occurrences of 'repres',repres,numeric
1503,Num. occurrences of 'represent',represent,numeric
1504,Num. occurrences of 'request',request,numeric
1505,Num. occurrences of 'requir',requir,numeric
1506,Num. occurrences of 'research',research,numeric
1507,Num. occurrences of 'reserv',reserv,numeric
1508,Num. occurrences of 'resid',resid,numeric
1509,Num. occurrences of 'resolut',resolut,numeric
1510,Num. occurrences of 'resourc',resourc,numeric
1511,Num. occurrences of 'respect',respect,numeric
1512,Num. occurrences of 'respond',respond,numeric
1513,Num. occurrences of 'respons',respons,numeric
1514,Num. occurrences of 'rest',rest,numeric
1515,Num. occurrences of 'restrict',restrict,numeric
1516,Num. occurrences of 'result',result,numeric
1517,Num. occurrences of 'retir',retir,numeric
1518,Num. occurrences of 'retriev',retriev,numeric
1519,Num. occurrences of 'return',return,numeric
1520,Num. occurrences of 'reveal',reveal,numeric
1521,Num. occurrences of 'review',review,numeric
1522,Num. occurrences of 'revis',revis,numeric
1523,Num. occurrences of 'rich',rich,numeric
1524,Num. occurrences of 'richard',richard,numeric
1525,Num. occurrences of 'right',right,numeric
1526,Num. occurrences of 'risk',risk,numeric
1527,Num. occurrences of 'river',river,numeric
1528,Num. occurrences of 'road',road,numeric
1529,Num. occurrences of 'robert',robert,numeric
1530,Num. occurrences of 'robust',robust,numeric
1531,Num. occurrences of 'roger',roger,numeric
1532,Num. occurrences of 'role',role,numeric
1533,Num. occurrences of 'roma',roma,numeric
1534,Num. occurrences of 'roman',roman,numeric
1535,Num. occurrences of 'romanc',romanc,numeric
1536,Num. occurrences of 'room',room,numeric
1537,Num. occurrences of 'root',root,numeric
1538,Num. occurrences of 'round',round,numeric
1539,Num. occurrences of 'routledg',routledg,numeric
1540,Num. occurrences of 'rug',rug,numeric
1541,Num. occurrences of 'rule',rule,numeric
1542,Num. occurrences of 'run',run,numeric
1543,Num. occurrences of 'russel',russel,numeric
1544,Num. occurrences of 'russia',russia,numeric
1545,Num. occurrences of 'russian',russian,numeric
1546,Num. occurrences of 'rutger',rutger,numeric
1547,Num. occurrences of 'saarbruecken',saarbruecken,numeric
1548,Num. occurrences of 'said',said,numeric
1549,Num. occurrences of 'salari',salari,numeric
1550,Num. occurrences of 'sale',sale,numeric
1551,Num. occurrences of 'salford',salford,numeric
1552,Num. occurrences of 'sampl',sampl,numeric
1553,Num. occurrences of 'san',san,numeric
1554,Num. occurrences of 'santa',santa,numeric
1555,Num. occurrences of 'saturday',saturday,numeric
1556,Num. occurrences of 'save',save,numeric
1557,Num. occurrences of 'saw',saw,numeric
1558,Num. occurrences of 'say',say,numeric
1559,Num. occurrences of 'schedul',schedul,numeric
1560,Num. occurrences of 'scheme',scheme,numeric
1561,Num. occurrences of 'scholar',scholar,numeric
1562,Num. occurrences of 'school',school,numeric
1563,Num. occurrences of 'scienc',scienc,numeric
1564,Num. occurrences of 'scientif',scientif,numeric
1565,Num. occurrences of 'scientist',scientist,numeric
1566,Num. occurrences of 'scope',scope,numeric
1567,Num. occurrences of 'scotland',scotland,numeric
1568,Num. occurrences of 'scott',scott,numeric
1569,Num. occurrences of 'se',se,numeric
1570,Num. occurrences of 'search',search,numeric
1571,Num. occurrences of 'second',second,numeric
1572,Num. occurrences of 'secret',secret,numeric
1573,Num. occurrences of 'secretari',secretari,numeric
1574,Num. occurrences of 'secretariat',secretariat,numeric
1575,Num. occurrences of 'section',section,numeric
1576,Num. occurrences of 'secur',secur,numeric
1577,Num. occurrences of 'see',see,numeric
1578,Num. occurrences of 'seek',seek,numeric
1579,Num. occurrences of 'seem',seem,numeric
1580,Num. occurrences of 'seen',seen,numeric
1581,Num. occurrences of 'segment',segment,numeric
1582,Num. occurrences of 'select',select,numeric
1583,Num. occurrences of 'self',self,numeric
1584,Num. occurrences of 'sell',sell,numeric
1585,Num. occurrences of 'semant',semant,numeric
1586,Num. occurrences of 'seminar',seminar,numeric
1587,Num. occurrences of 'semit',semit,numeric
1588,Num. occurrences of 'send',send,numeric
1589,Num. occurrences of 'sens',sens,numeric
1590,Num. occurrences of 'sent',sent,numeric
1591,Num. occurrences of 'sentenc',sentenc,numeric
1592,Num. occurrences of 'separ',separ,numeric
1593,Num. occurrences of 'sept',sept,numeric
1594,Num. occurrences of 'septemb',septemb,numeric
1595,Num. occurrences of 'sequenc',sequenc,numeric
1596,Num. occurrences of 'seri',seri,numeric
1597,Num. occurrences of 'seriou',seriou,numeric
1598,Num. occurrences of 'serv',serv,numeric
1599,Num. occurrences of 'server',server,numeric
1600,Num. occurrences of 'servic',servic,numeric
1601,Num. occurrences of 'session',session,numeric
1602,Num. occurrences of 'set',set,numeric
1603,Num. occurrences of 'seven',seven,numeric
1604,Num. occurrences of 'sever',sever,numeric
1605,Num. occurrences of 'sex',sex,numeric
1606,Num. occurrences of 'sexual',sexual,numeric
1607,Num. occurrences of 'shape',shape,numeric
1608,Num. occurrences of 'share',share,numeric
1609,Num. occurrences of 'sheet',sheet,numeric
1610,Num. occurrences of 'sheffield',sheffield,numeric
1611,Num. occurrences of 'shift',shift,numeric
1612,Num. occurrences of 'ship',ship,numeric
1613,Num. occurrences of 'shop',shop,numeric
1614,Num. occurrences of 'shor',shor,numeric
1615,Num. occurrences of 'short',short,numeric
1616,Num. occurrences of 'show',show,numeric
1617,Num. occurrences of 'shown',shown,numeric
1618,Num. occurrences of 'side',side,numeric
1619,Num. occurrences of 'sign',sign,numeric
1620,Num. occurrences of 'signal',signal,numeric
1621,Num. occurrences of 'signatur',signatur,numeric
1622,Num. occurrences of 'signific',signific,numeric
1623,Num. occurrences of 'similar',similar,numeric
1624,Num. occurrences of 'simon',simon,numeric
1625,Num. occurrences of 'simpl',simpl,numeric
1626,Num. occurrences of 'simpli',simpli,numeric
1627,Num. occurrences of 'sinc',sinc,numeric
1628,Num. occurrences of 'sincer',sincer,numeric
1629,Num. occurrences of 'singapor',singapor,numeric
1630,Num. occurrences of 'singl',singl,numeric
1631,Num. occurrences of 'singular',singular,numeric
1632,Num. occurrences of 'site',site,numeric
1633,Num. occurrences of 'situat',situat,numeric
1634,Num. occurrences of 'six',six,numeric
1635,Num. occurrences of 'size',size,numeric
1636,Num. occurrences of 'skill',skill,numeric
1637,Num. occurrences of 'slavic',slavic,numeric
1638,Num. occurrences of 'small',small,numeric
1639,Num. occurrences of 'smith',smith,numeric
1640,Num. occurrences of 'snow',snow,numeric
1641,Num. occurrences of 'soa',soa,numeric
1642,Num. occurrences of 'social',social,numeric
1643,Num. occurrences of 'societi',societi,numeric
1644,Num. occurrences of 'sociolinguist',sociolinguist,numeric
1645,Num. occurrences of 'sociolog',sociolog,numeric
1646,Num. occurrences of 'softwar',softwar,numeric
1647,Num. occurrences of 'sold',sold,numeric
1648,Num. occurrences of 'solicit',solicit,numeric
1649,Num. occurrences of 'solut',solut,numeric
1650,Num. occurrences of 'solv',solv,numeric
1651,Num. occurrences of 'someon',someon,numeric
1652,Num. occurrences of 'someth',someth,numeric
1653,Num. occurrences of 'sometim',sometim,numeric
1654,Num. occurrences of 'somewhat',somewhat,numeric
1655,Num. occurrences of 'song',song,numeric
1656,Num. occurrences of 'soon',soon,numeric
1657,Num. occurrences of 'sorri',sorri,numeric
1658,Num. occurrences of 'sort',sort,numeric
1659,Num. occurrences of 'sound',sound,numeric
1660,Num. occurrences of 'sourc',sourc,numeric
1661,Num. occurrences of 'south',south,numeric
1662,Num. occurrences of 'southern',southern,numeric
1663,Num. occurrences of 'space',space,numeric
1664,Num. occurrences of 'spain',spain,numeric
1665,Num. occurrences of 'spanish',spanish,numeric
1666,Num. occurrences of 'spatial',spatial,numeric
1667,Num. occurrences of 'speak',speak,numeric
1668,Num. occurrences of 'speaker',speaker,numeric
1669,Num. occurrences of 'special',special,numeric
1670,Num. occurrences of 'specialist',specialist,numeric
1671,Num. occurrences of 'specif',specif,numeric
1672,Num. occurrences of 'specifi',specifi,numeric
1673,Num. occurrences of 'speech',speech,numeric
1674,Num. occurrences of 'speed',speed,numeric
1675,Num. occurrences of 'spell',spell,numeric
1676,Num. occurrences of 'spend',spend,numeric
1677,Num. occurrences of 'spoken',spoken,numeric
1678,Num. occurrences of 'sponsor',sponsor,numeric
1679,Num. occurrences of 'spontan',spontan,numeric
1680,Num. occurrences of 'sprachwissenschaft',sprachwissenschaft,numeric
1681,Num. occurrences of 'spring',spring,numeric
1682,Num. occurrences of 'st',st,numeric
1683,Num. occurrences of 'staff',staff,numeric
1684,Num. occurrences of 'stage',stage,numeric
1685,Num. occurrences of 'stamp',stamp,numeric
1686,Num. occurrences of 'stand',stand,numeric
1687,Num. occurrences of 'standard',standard,numeric
1688,Num. occurrences of 'stanford',stanford,numeric
1689,Num. occurrences of 'star',star,numeric
1690,Num. occurrences of 'start',start,numeric
1691,Num. occurrences of 'state',state,numeric
1692,Num. occurrences of 'statement',statement,numeric
1693,Num. occurrences of 'station',station,numeric
1694,Num. occurrences of 'statist',statist,numeric
1695,Num. occurrences of 'statu',statu,numeric
1696,Num. occurrences of 'stay',stay,numeric
1697,Num. occurrences of 'stealth',stealth,numeric
1698,Num. occurrences of 'stem',stem,numeric
1699,Num. occurrences of 'step',step,numeric
1700,Num. occurrences of 'stephen',stephen,numeric
1701,Num. occurrences of 'sterl',sterl,numeric
1702,Num. occurrences of 'steve',steve,numeric
1703,Num. occurrences of 'steven',steven,numeric
1704,Num. occurrences of 'still',still,numeric
1705,Num. occurrences of 'stock',stock,numeric
1706,Num. occurrences of 'stop',stop,numeric
1707,Num. occurrences of 'store',store,numeric
1708,Num. occurrences of 'stori',stori,numeric
1709,Num. occurrences of 'strategi',strategi,numeric
1710,Num. occurrences of 'street',street,numeric
1711,Num. occurrences of 'stress',stress,numeric
1712,Num. occurrences of 'strong',strong,numeric
1713,Num. occurrences of 'strongli',strongli,numeric
1714,Num. occurrences of 'structur',structur,numeric
1715,Num. occurrences of 'student',student,numeric
1716,Num. occurrences of 'studi',studi,numeric
1717,Num. occurrences of 'stuttgart',stuttgart,numeric
1718,Num. occurrences of 'style',style,numeric
1719,Num. occurrences of 'submiss',submiss,numeric
1720,Num. occurrences of 'submit',submit,numeric
1721,Num. occurrences of 'subscrib',subscrib,numeric
1722,Num. occurrences of 'subscript',subscript,numeric
1723,Num. occurrences of 'substanti',substanti,numeric
1724,Num. occurrences of 'success',success,numeric
1725,Num. occurrences of 'suffici',suffici,numeric
1726,Num. occurrences of 'suffix',suffix,numeric
1727,Num. occurrences of 'suggest',suggest,numeric
1728,Num. occurrences of 'suit',suit,numeric
1729,Num. occurrences of 'suitabl',suitabl,numeric
1730,Num. occurrences of 'sum',sum,numeric
1731,Num. occurrences of 'summar',summar,numeric
1732,Num. occurrences of 'summari',summari,numeric
1733,Num. occurrences of 'summer',summer,numeric
1734,Num. occurrences of 'sun',sun,numeric
1735,Num. occurrences of 'sunday',sunday,numeric
1736,Num. occurrences of 'suppli',suppli,numeric
1737,Num. occurrences of 'support',support,numeric
1738,Num. occurrences of 'suppos',suppos,numeric
1739,Num. occurrences of 'sur',sur,numeric
1740,Num. occurrences of 'sure',sure,numeric
1741,Num. occurrences of 'surfac',surfac,numeric
1742,Num. occurrences of 'surpris',surpris,numeric
1743,Num. occurrences of 'survey',survey,numeric
1744,Num. occurrences of 'susan',susan,numeric
1745,Num. occurrences of 'sussex',sussex,numeric
1746,Num. occurrences of 'susx',susx,numeric
1747,Num. occurrences of 'sweden',sweden,numeric
1748,Num. occurrences of 'switzerland',switzerland,numeric
1749,Num. occurrences of 'syllabl',syllabl,numeric
1750,Num. occurrences of 'symbol',symbol,numeric
1751,Num. occurrences of 'symposium',symposium,numeric
1752,Num. occurrences of 'synchron',synchron,numeric
1753,Num. occurrences of 'syntact',syntact,numeric
1754,Num. occurrences of 'syntax',syntax,numeric
1755,Num. occurrences of 'synthesi',synthesi,numeric
1756,Num. occurrences of 'synthet',synthet,numeric
1757,Num. occurrences of 'system',system,numeric
1758,Num. occurrences of 'systemat',systemat,numeric
1759,Num. occurrences of 'tabl',tabl,numeric
1760,Num. occurrences of 'tag',tag,numeric
1761,Num. occurrences of 'taiwan',taiwan,numeric
1762,Num. occurrences of 'take',take,numeric
1763,Num. occurrences of 'taken',taken,numeric
1764,Num. occurrences of 'talk',talk,numeric
1765,Num. occurrences of 'tape',tape,numeric
1766,Num. occurrences of 'target',target,numeric
1767,Num. occurrences of 'task',task,numeric
1768,Num. occurrences of 'taught',taught,numeric
1769,Num. occurrences of 'tax',tax,numeric
1770,Num. occurrences of 'tea',tea,numeric
1771,Num. occurrences of 'teach',teach,numeric
1772,Num. occurrences of 'teacher',teacher,numeric
1773,Num. occurrences of 'team',team,numeric
1774,Num. occurrences of 'technic',technic,numeric
1775,Num. occurrences of 'techniqu',techniqu,numeric
1776,Num. occurrences of 'technolog',technolog,numeric
1777,Num. occurrences of 'tei',tei,numeric
1778,Num. occurrences of 'tel',tel,numeric
1779,Num. occurrences of 'telephon',telephon,numeric
1780,Num. occurrences of 'tell',tell,numeric
1781,Num. occurrences of 'tempor',tempor,numeric
1782,Num. occurrences of 'ten',ten,numeric
1783,Num. occurrences of 'tend',tend,numeric
1784,Num. occurrences of 'tens',tens,numeric
1785,Num. occurrences of 'tent',tent,numeric
1786,Num. occurrences of 'term',term,numeric
1787,Num. occurrences of 'terminolog',terminolog,numeric
1788,Num. occurrences of 'test',test,numeric
1789,Num. occurrences of 'texa',texa,numeric
1790,Num. occurrences of 'text',text,numeric
1791,Num. occurrences of 'textbook',textbook,numeric
1792,Num. occurrences of 'textual',textual,numeric
1793,Num. occurrences of 'thank',thank,numeric
1794,Num. occurrences of 'themat',themat,numeric
1795,Num. occurrences of 'theme',theme,numeric
1796,Num. occurrences of 'themselv',themselv,numeric
1797,Num. occurrences of 'theoret',theoret,numeric
1798,Num. occurrences of 'theori',theori,numeric
1799,Num. occurrences of 'therefor',therefor,numeric
1800,Num. occurrences of 'thesi',thesi,numeric
1801,Num. occurrences of 'thi',thi,numeric
1802,Num. occurrences of 'thing',thing,numeric
1803,Num. occurrences of 'think',think,numeric
1804,Num. occurrences of 'third',third,numeric
1805,Num. occurrences of 'thoma',thoma,numeric
1806,Num. occurrences of 'though',though,numeric
1807,Num. occurrences of 'thought',thought,numeric
1808,Num. occurrences of 'thousand',thousand,numeric
1809,Num. occurrences of 'three',three,numeric
1810,Num. occurrences of 'throughout',throughout,numeric
1811,Num. occurrences of 'thu',thu,numeric
1812,Num. occurrences of 'thursday',thursday,numeric
1813,Num. occurrences of 'ticket',ticket,numeric
1814,Num. occurrences of 'tilburg',tilburg,numeric
1815,Num. occurrences of 'time',time,numeric
1816,Num. occurrences of 'tip',tip,numeric
1817,Num. occurrences of 'titl',titl,numeric
1818,Num. occurrences of 'tm',tm,numeric
1819,Num. occurrences of 'today',today,numeric
1820,Num. occurrences of 'togeth',togeth,numeric
1821,Num. occurrences of 'tok',tok,numeric
1822,Num. occurrences of 'tokyo',tokyo,numeric
1823,Num. occurrences of 'told',told,numeric
1824,Num. occurrences of 'toll',toll,numeric
1825,Num. occurrences of 'tone',tone,numeric
1826,Num. occurrences of 'tongu',tongu,numeric
1827,Num. occurrences of 'toni',toni,numeric
1828,Num. occurrences of 'took',took,numeric
1829,Num. occurrences of 'tool',tool,numeric
1830,Num. occurrences of 'top',top,numeric
1831,Num. occurrences of 'topic',topic,numeric
1832,Num. occurrences of 'toronto',toronto,numeric
1833,Num. occurrences of 'total',total,numeric
1834,Num. occurrences of 'tour',tour,numeric
1835,Num. occurrences of 'toward',toward,numeric
1836,Num. occurrences of 'town',town,numeric
1837,Num. occurrences of 'track',track,numeric
1838,Num. occurrences of 'trade',trade,numeric
1839,Num. occurrences of 'tradit',tradit,numeric
1840,Num. occurrences of 'train',train,numeric
1841,Num. occurrences of 'transcript',transcript,numeric
1842,Num. occurrences of 'transfer',transfer,numeric
1843,Num. occurrences of 'transit',transit,numeric
1844,Num. occurrences of 'translat',translat,numeric
1845,Num. occurrences of 'travel',travel,numeric
1846,Num. occurrences of 'treat',treat,numeric
1847,Num. occurrences of 'treatment',treatment,numeric
1848,Num. occurrences of 'tree',tree,numeric
1849,Num. occurrences of 'trend',trend,numeric
1850,Num. occurrences of 'tri',tri,numeric
1851,Num. occurrences of 'true',true,numeric
1852,Num. occurrences of 'truli',truli,numeric
1853,Num. occurrences of 'tuebingen',tuebingen,numeric
1854,Num. occurrences of 'tuesday',tuesday,numeric
1855,Num. occurrences of 'turkish',turkish,numeric
1856,Num. occurrences of 'turn',turn,numeric
1857,Num. occurrences of 'tutori',tutori,numeric
1858,Num. occurrences of 'tv',tv,numeric
1859,Num. occurrences of 'twent',twent,numeric
1860,Num. occurrences of 'twenti',twenti,numeric
1861,Num. occurrences of 'two',two,numeric
1862,Num. occurrences of 'type',type,numeric
1863,Num. occurrences of 'typic',typic,numeric
1864,Num. occurrences of 'typolog',typolog,numeric
1865,Num. occurrences of 'ucla',ucla,numeric
1866,Num. occurrences of 'uk',uk,numeric
1867,Num. occurrences of 'ultim',ultim,numeric
1868,Num. occurrences of 'un',un,numeric
1869,Num. occurrences of 'und',und,numeric
1870,Num. occurrences of 'undergradu',undergradu,numeric
1871,Num. occurrences of 'underli',underli,numeric
1872,Num. occurrences of 'understand',understand,numeric
1873,Num. occurrences of 'une',une,numeric
1874,Num. occurrences of 'uniqu',uniqu,numeric
1875,Num. occurrences of 'unit',unit,numeric
1876,Num. occurrences of 'univ',univ,numeric
1877,Num. occurrences of 'univers',univers,numeric
1878,Num. occurrences of 'universidad',universidad,numeric
1879,Num. occurrences of 'universit',universit,numeric
1880,Num. occurrences of 'universitaet',universitaet,numeric
1881,Num. occurrences of 'universitat',universitat,numeric
1882,Num. occurrences of 'unless',unless,numeric
1883,Num. occurrences of 'unlik',unlik,numeric
1884,Num. occurrences of 'unlimit',unlimit,numeric
1885,Num. occurrences of 'unpublish',unpublish,numeric
1886,Num. occurrences of 'updat',updat,numeric
1887,Num. occurrences of 'upenn',upenn,numeric
1888,Num. occurrences of 'upon',upon,numeric
1889,Num. occurrences of 'urbana',urbana,numeric
1890,Num. occurrences of 'url',url,numeric
1891,Num. occurrences of 'us',us,numeric
1892,Num. occurrences of 'usa',usa,numeric
1893,Num. occurrences of 'usag',usag,numeric
1894,Num. occurrences of 'usc',usc,numeric
1895,Num. occurrences of 'usd',usd,numeric
1896,Num. occurrences of 'use',use,numeric
1897,Num. occurrences of 'user',user,numeric
1898,Num. occurrences of 'usual',usual,numeric
1899,Num. occurrences of 'util',util,numeric
1900,Num. occurrences of 'utrecht',utrecht,numeric
1901,Num. occurrences of 'utter',utter,numeric
1902,Num. occurrences of 'valid',valid,numeric
1903,Num. occurrences of 'valu',valu,numeric
1904,Num. occurrences of 'valuabl',valuabl,numeric
1905,Num. occurrences of 'van',van,numeric
1906,Num. occurrences of 'vari',vari,numeric
1907,Num. occurrences of 'variabl',variabl,numeric
1908,Num. occurrences of 'variat',variat,numeric
1909,Num. occurrences of 'varieti',varieti,numeric
1910,Num. occurrences of 'variou',variou,numeric
1911,Num. occurrences of 've',ve,numeric
1912,Num. occurrences of 'venu',venu,numeric
1913,Num. occurrences of 'verb',verb,numeric
1914,Num. occurrences of 'verbal',verbal,numeric
1915,Num. occurrences of 'veri',veri,numeric
1916,Num. occurrences of 'version',version,numeric
1917,Num. occurrences of 'vi',vi,numeric
1918,Num. occurrences of 'via',via,numeric
1919,Num. occurrences of 'video',video,numeric
1920,Num. occurrences of 'view',view,numeric
1921,Num. occurrences of 'vii',vii,numeric
1922,Num. occurrences of 'violat',violat,numeric
1923,Num. occurrences of 'virtual',virtual,numeric
1924,Num. occurrences of 'visa',visa,numeric
1925,Num. occurrences of 'vision',vision,numeric
1926,Num. occurrences of 'visit',visit,numeric
1927,Num. occurrences of 'visual',visual,numeric
1928,Num. occurrences of 'vo',vo,numeric
1929,Num. occurrences of 'vocabulari',vocabulari,numeric
1930,Num. occurrences of 'voic',voic,numeric
1931,Num. occurrences of 'vol',vol,numeric
1932,Num. occurrences of 'volum',volum,numeric
1933,Num. occurrences of 'von',von,numeric
1934,Num. occurrences of 'vowel',vowel,numeric
1935,Num. occurrences of 'vp',vp,numeric
1936,Num. occurrences of 'vs',vs,numeric
1937,Num. occurrences of 'wa',wa,numeric
1938,Num. occurrences of 'wait',wait,numeric
1939,Num. occurrences of 'wale',wale,numeric
1940,Num. occurrences of 'walk',walk,numeric
1941,Num. occurrences of 'walter',walter,numeric
1942,Num. occurrences of 'want',want,numeric
1943,Num. occurrences of 'war',war,numeric
1944,Num. occurrences of 'washington',washington,numeric
1945,Num. occurrences of 'watch',watch,numeric
1946,Num. occurrences of 'way',way,numeric
1947,Num. occurrences of 'weak',weak,numeric
1948,Num. occurrences of 'web',web,numeric
1949,Num. occurrences of 'websit',websit,numeric
1950,Num. occurrences of 'wednesday',wednesday,numeric
1951,Num. occurrences of 'week',week,numeric
1952,Num. occurrences of 'weight',weight,numeric
1953,Num. occurrences of 'welcom',welcom,numeric
1954,Num. occurrences of 'well',well,numeric
1955,Num. occurrences of 'west',west,numeric
1956,Num. occurrences of 'western',western,numeric
1957,Num. occurrences of 'wh',wh,numeric
1958,Num. occurrences of 'whatev',whatev,numeric
1959,Num. occurrences of 'wherea',wherea,numeric
1960,Num. occurrences of 'whether',whether,numeric
1961,Num. occurrences of 'whi',whi,numeric
1962,Num. occurrences of 'white',white,numeric
1963,Num. occurrences of 'whole',whole,numeric
1964,Num. occurrences of 'whorf',whorf,numeric
1965,Num. occurrences of 'whose',whose,numeric
1966,Num. occurrences of 'wide',wide,numeric
1967,Num. occurrences of 'wife',wife,numeric
1968,Num. occurrences of 'william',william,numeric
1969,Num. occurrences of 'win',win,numeric
1970,Num. occurrences of 'window',window,numeric
1971,Num. occurrences of 'wish',wish,numeric
1972,Num. occurrences of 'within',within,numeric
1973,Num. occurrences of 'without',without,numeric
1974,Num. occurrences of 'wolfgang',wolfgang,numeric
1975,Num. occurrences of 'women',women,numeric
1976,Num. occurrences of 'wonder',wonder,numeric
1977,Num. occurrences of 'wont',wont,numeric
1978,Num. occurrences of 'word',word,numeric
1979,Num. occurrences of 'work',work,numeric
1980,Num. occurrences of 'workshop',workshop,numeric
1981,Num. occurrences of 'world',world,numeric
1982,Num. occurrences of 'worldwid',worldwid,numeric
1983,Num. occurrences of 'worth',worth,numeric
1984,Num. occurrences of 'would',would,numeric
1985,Num. occurrences of 'write',write,numeric
1986,Num. occurrences of 'writer',writer,numeric
1987,Num. occurrences of 'written',written,numeric
1988,Num. occurrences of 'wrong',wrong,numeric
1989,Num. occurrences of 'wrote',wrote,numeric
1990,Num. occurrences of 'www',www,numeric
1991,Num. occurrences of 'xerox',xerox,numeric
1992,Num. occurrences of 'yale',yale,numeric
1993,Num. occurrences of 'ye',ye,numeric
1994,Num. occurrences of 'year',year,numeric
1995,Num. occurrences of 'yet',yet,numeric
1996,Num. occurrences of 'york',york,numeric
1997,Num. occurrences of 'young',young,numeric
1998,Num. occurrences of 'zip',zip,numeric
1999,Num. occurrences of 'zur',zur,numeric
